date,euro_stoxx
1/2/2015,3139.44
1/5/2015,3023.14
1/6/2015,3007.91
1/7/2015,3026.79
1/8/2015,3135.08
1/9/2015,3042.9
1/12/2015,3084.18
1/13/2015,3133.86
1/14/2015,3089.67
1/15/2015,3157.36
1/16/2015,3202.24
1/19/2015,3220.9
1/20/2015,3244.92
1/21/2015,3269.73
1/22/2015,3322.65
1/23/2015,3382.55
1/26/2015,3414.28
1/27/2015,3372.58
1/28/2015,3358.96
1/29/2015,3371.83
1/30/2015,3351.44
2/2/2015,3370.11
2/3/2015,3414.18
2/4/2015,3415.53
2/5/2015,3408.96
2/6/2015,3398.16
2/9/2015,3347.75
2/10/2015,3383.13
2/11/2015,3374.14
2/12/2015,3417.61
2/13/2015,3447.59
2/16/2015,3433.3
2/17/2015,3438.44
2/18/2015,3465.8
2/19/2015,3488.08
2/20/2015,3490.53
2/23/2015,3519.58
2/24/2015,3547.1
2/25/2015,3541.78
2/26/2015,3574.94
2/27/2015,3599
3/2/2015,3591.09
3/3/2015,3549.11
3/4/2015,3583.44
3/5/2015,3618.21
3/6/2015,3617.62
3/9/2015,3610.28
3/10/2015,3567.25
3/11/2015,3649.54
3/12/2015,3641.32
3/13/2015,3656.21
3/16/2015,3706.75
3/17/2015,3672.16
3/18/2015,3668.52
3/19/2015,3670.73
3/20/2015,3726.07
3/23/2015,3699.04
3/24/2015,3731.35
3/25/2015,3684.04
3/26/2015,3669.79
3/27/2015,3679.03
3/30/2015,3727.8
3/31/2015,3697.38
4/1/2015,3714.89
4/2/2015,3715.27
4/7/2015,3768.72
4/8/2015,3742.63
4/9/2015,3781.79
4/10/2015,3816.76
4/13/2015,3828.78
4/14/2015,3784.53
4/15/2015,3803.55
4/16/2015,3751.72
4/17/2015,3674.05
4/20/2015,3718.04
4/21/2015,3719.38
4/22/2015,3724.49
4/23/2015,3697.88
4/24/2015,3713.96
4/27/2015,3771.45
4/28/2015,3715.42
4/29/2015,3617.11
4/30/2015,3615.59
5/1/2015,3615.59
5/4/2015,3632.94
5/5/2015,3546.56
5/6/2015,3558.03
5/7/2015,3556.21
5/8/2015,3649.48
5/11/2015,3624.41
5/12/2015,3573.1
5/13/2015,3553.42
5/14/2015,3602.22
5/15/2015,3573.07
5/18/2015,3589.22
5/19/2015,3670.52
5/20/2015,3683.48
5/21/2015,3688.72
5/22/2015,3679.14
5/25/2015,3655.41
5/26/2015,3619.3
5/27/2015,3682.87
5/28/2015,3650.71
5/29/2015,3570.78
6/1/2015,3575.04
6/2/2015,3561.89
6/3/2015,3583.82
6/4/2015,3556.38
6/5/2015,3510.01
6/8/2015,3468.31
6/9/2015,3456.79
6/10/2015,3526.48
6/11/2015,3551.91
6/12/2015,3502.77
6/15/2015,3438.07
6/16/2015,3454.09
6/17/2015,3428.76
6/18/2015,3450.45
6/19/2015,3455.8
6/22/2015,3596.07
6/23/2015,3625.97
6/24/2015,3610.95
6/25/2015,3610.91
6/26/2015,3621.37
6/29/2015,3468.9
6/30/2015,3424.3
7/1/2015,3496.28
7/2/2015,3463.25
7/3/2015,3441.76
7/6/2015,3365.2
7/7/2015,3294.19
7/8/2015,3327.5
7/9/2015,3420.03
7/10/2015,3528.81
7/13/2015,3590.43
7/14/2015,3607.19
7/15/2015,3623.87
7/16/2015,3676.41
7/17/2015,3670.34
7/20/2015,3686.58
7/21/2015,3647.96
7/22/2015,3635.58
7/23/2015,3634.64
7/24/2015,3600
7/27/2015,3513.1
7/28/2015,3554.11
7/29/2015,3575.53
7/30/2015,3583.79
7/31/2015,3600.69
8/3/2015,3635.4
8/4/2015,3619.31
8/5/2015,3676.75
8/6/2015,3668.47
8/7/2015,3637.8
8/10/2015,3674.94
8/11/2015,3605.28
8/12/2015,3484.41
8/13/2015,3516.15
8/14/2015,3491.03
8/17/2015,3497.9
8/18/2015,3495.38
8/19/2015,3429.84
8/20/2015,3353.48
8/21/2015,3247.26
8/24/2015,3073.39
8/25/2015,3218.01
8/26/2015,3170.73
8/27/2015,3280.78
8/28/2015,3286.59
8/31/2015,3269.63
9/1/2015,3188.73
9/2/2015,3198.86
9/3/2015,3270.09
9/4/2015,3180.25
9/7/2015,3197.97
9/8/2015,3233.84
9/9/2015,3269.98
9/10/2015,3221.14
9/11/2015,3187.94
9/14/2015,3175.62
9/15/2015,3207.6
9/16/2015,3251.79
9/17/2015,3255.79
9/18/2015,3157.3
9/21/2015,3184.72
9/22/2015,3076.05
9/23/2015,3079.99
9/24/2015,3019.34
9/25/2015,3113.16
9/28/2015,3039.44
9/29/2015,3029.86
9/30/2015,3100.67
10/1/2015,3069.05
10/2/2015,3088.18
10/5/2015,3190.39
10/6/2015,3220.09
10/7/2015,3226.4
10/8/2015,3224.96
10/9/2015,3250.31
10/12/2015,3247.33
10/13/2015,3221.28
10/14/2015,3191.57
10/15/2015,3238.81
10/16/2015,3264.93
10/19/2015,3272.04
10/20/2015,3255.72
10/21/2015,3272.23
10/22/2015,3353.11
10/23/2015,3425.81
10/26/2015,3414.6
10/27/2015,3381.01
10/28/2015,3421.09
10/29/2015,3413.39
10/30/2015,3418.23
11/2/2015,3434.5
11/3/2015,3442.68
11/4/2015,3439.16
11/5/2015,3447.49
11/6/2015,3468.21
11/9/2015,3418.36
11/10/2015,3425.4
11/11/2015,3448.42
11/12/2015,3387.7
11/13/2015,3360.65
11/16/2015,3362.23
11/17/2015,3451.94
11/18/2015,3431.92
11/19/2015,3448.93
11/20/2015,3452.45
11/23/2015,3445.26
11/24/2015,3409.6
11/25/2015,3462.06
11/26/2015,3498.62
11/27/2015,3488.99
11/30/2015,3506.45
12/1/2015,3479.64
12/2/2015,3468.66
12/3/2015,3343.34
12/4/2015,3330.75
12/7/2015,3360.21
12/8/2015,3297.46
12/9/2015,3277.21
12/10/2015,3269.97
12/11/2015,3203.21
12/14/2015,3139.24
12/15/2015,3241.51
12/16/2015,3246.78
12/17/2015,3306.47
12/18/2015,3260.72
12/21/2015,3213.01
12/22/2015,3214.32
12/23/2015,3286.68
12/24/2015,3284.47
12/28/2015,3256.49
12/29/2015,3314.28
12/30/2015,3287.98
1/4/2016,3164.76
1/5/2016,3178.01
1/6/2016,3139.32
1/7/2016,3084.68
1/8/2016,3033.47
1/11/2016,3027.49
1/12/2016,3064.66
1/13/2016,3073.02
1/14/2016,3024
1/15/2016,2952.48
1/18/2016,2935.39
1/19/2016,2980.49
1/20/2016,2882.59
1/21/2016,2943.92
1/22/2016,3023.21
1/25/2016,3001.78
1/26/2016,3032.84
1/27/2016,3043.47
1/28/2016,2979.42
1/29/2016,3045.09
2/1/2016,3021.01
2/2/2016,2951.85
2/3/2016,2896.63
2/4/2016,2905.3
2/5/2016,2879.39
2/8/2016,2785.17
2/9/2016,2736.5
2/10/2016,2789.05
2/11/2016,2680.35
2/12/2016,2756.16
2/15/2016,2833.87
2/16/2016,2821.26
2/17/2016,2897.72
2/18/2016,2895.15
2/19/2016,2871.05
2/22/2016,2933.91
2/23/2016,2887.38
2/24/2016,2820.24
2/25/2016,2877.42
2/26/2016,2929.16
2/29/2016,2945.75
3/1/2016,2996.39
3/2/2016,3022.14
3/3/2016,3012.87
3/4/2016,3037.35
3/7/2016,3021.09
3/8/2016,3002.01
3/9/2016,3016.18
3/10/2016,2970.78
3/11/2016,3073.8
3/14/2016,3091.98
3/15/2016,3067.21
3/16/2016,3062.05
3/17/2016,3043.1
3/18/2016,3059.77
3/21/2016,3048.77
3/22/2016,3051.23
3/23/2016,3042.42
3/24/2016,2986.73
3/29/2016,3004.87
3/30/2016,3044.1
3/31/2016,3004.93
4/1/2016,2953.28
4/4/2016,2962.28
4/5/2016,2890.35
4/6/2016,2909.36
4/7/2016,2871.57
4/8/2016,2911.98
4/11/2016,2924.23
4/12/2016,2942.09
4/13/2016,3039.19
4/14/2016,3060.86
4/15/2016,3054.34
4/18/2016,3064.03
4/19/2016,3112.99
4/20/2016,3142.52
4/21/2016,3151.69
4/22/2016,3141.12
4/25/2016,3117.62
4/26/2016,3121.29
4/27/2016,3130.43
4/28/2016,3125.43
4/29/2016,3028.21
5/2/2016,3032.6
5/3/2016,2974.2
5/4/2016,2938.75
5/5/2016,2940.35
5/6/2016,2936.84
5/9/2016,2955.83
5/10/2016,2978.97
5/11/2016,2956.71
5/12/2016,2935.46
5/13/2016,2956.63
5/16/2016,2951.39
5/17/2016,2938.09
5/18/2016,2956.43
5/19/2016,2919.22
5/20/2016,2962.16
5/23/2016,2932.93
5/24/2016,3010.12
5/25/2016,3061.6
5/26/2016,3071.21
5/27/2016,3078.48
5/30/2016,3090.01
5/31/2016,3063.48
6/1/2016,3038.77
6/2/2016,3033.86
6/3/2016,2997.55
6/6/2016,3001.9
6/7/2016,3040.69
6/8/2016,3019.76
6/9/2016,2989.03
6/10/2016,2911.11
6/13/2016,2853.52
6/14/2016,2797.18
6/15/2016,2830.3
6/16/2016,2819.3
6/17/2016,2849.17
6/20/2016,2942.88
6/21/2016,2967.34
6/22/2016,2978.31
6/23/2016,3037.86
6/24/2016,2776.09
6/27/2016,2697.44
6/28/2016,2758.67
6/29/2016,2832.18
6/30/2016,2864.74
7/1/2016,2883.06
7/4/2016,2862.21
7/5/2016,2812.88
7/6/2016,2761.37
7/7/2016,2780.1
7/8/2016,2838.01
7/11/2016,2885.32
7/12/2016,2933.44
7/13/2016,2926.14
7/14/2016,2963.07
7/15/2016,2958.65
7/18/2016,2949.17
7/19/2016,2931.1
7/20/2016,2966.95
7/21/2016,2968.49
7/22/2016,2972.23
7/25/2016,2973.22
7/26/2016,2978.9
7/27/2016,2999.48
7/28/2016,2966.1
7/29/2016,2990.76
8/1/2016,2967.31
8/2/2016,2906.98
8/3/2016,2911.06
8/4/2016,2932.34
8/5/2016,2973.71
8/8/2016,2982.92
8/9/2016,3029.18
8/10/2016,3018.46
8/11/2016,3049.03
8/12/2016,3044.94
8/15/2016,3046.65
8/16/2016,3016.19
8/17/2016,2980.54
8/18/2016,2995.3
8/19/2016,2968.2
8/22/2016,2960.37
8/23/2016,2993.73
8/24/2016,3008.59
8/25/2016,2987.69
8/26/2016,3010.36
8/29/2016,2998.5
8/30/2016,3030.75
8/31/2016,3023.13
9/1/2016,3017.49
9/2/2016,3079.74
9/5/2016,3077.66
9/6/2016,3070.16
9/7/2016,3091.66
9/8/2016,3083.54
9/9/2016,3053.2
9/12/2016,3012.88
9/13/2016,2974.8
9/14/2016,2964.9
9/15/2016,2973.77
9/16/2016,2935.25
9/19/2016,2968.31
9/20/2016,2964.86
9/21/2016,2982.18
9/22/2016,3051.69
9/23/2016,3032.31
9/26/2016,2975.88
9/27/2016,2970.84
9/28/2016,2991.11
9/29/2016,2991.58
9/30/2016,3002.24
10/3/2016,2998.5
10/4/2016,3029.5
10/5/2016,3026.28
10/6/2016,3021.58
10/7/2016,3000.57
10/10/2016,3035.76
10/11/2016,3020.69
10/12/2016,3008.03
10/13/2016,2975.04
10/14/2016,3025.19
10/17/2016,3008.72
10/18/2016,3046.99
10/19/2016,3055.94
10/20/2016,3076.63
10/21/2016,3077.65
10/24/2016,3093.86
10/25/2016,3087.41
10/26/2016,3080.98
10/27/2016,3085.17
10/28/2016,3079.24
10/31/2016,3055.25
11/1/2016,3023.15
11/2/2016,2980.17
11/3/2016,2973.49
11/4/2016,2954.53
11/7/2016,3009.28
11/8/2016,3023.43
11/9/2016,3056.29
11/10/2016,3046.59
11/11/2016,3030.02
11/14/2016,3039.8
11/15/2016,3049.72
11/16/2016,3026.36
11/17/2016,3041.79
11/18/2016,3020.83
11/21/2016,3032.97
11/22/2016,3044.33
11/23/2016,3032.14
11/24/2016,3040.6
11/25/2016,3048.38
11/28/2016,3016.8
11/29/2016,3038.42
11/30/2016,3051.61
12/1/2016,3030.98
12/2/2016,3015.13
12/5/2016,3052.75
12/6/2016,3100.76
12/7/2016,3142.24
12/8/2016,3185.79
12/9/2016,3197.54
12/12/2016,3199.11
12/13/2016,3236.71
12/14/2016,3211.71
12/15/2016,3249.74
12/16/2016,3259.24
12/19/2016,3257.85
12/20/2016,3279.41
12/21/2016,3270.75
12/22/2016,3269.51
12/23/2016,3273.97
12/27/2016,3278.53
12/28/2016,3278.72
12/29/2016,3271.76
12/30/2016,3290.52
1/2/2017,3308.67
1/3/2017,3315.02
1/4/2017,3317.52
1/5/2017,3316.47
1/6/2017,3321.17
1/9/2017,3308.97
1/10/2017,3306.21
1/11/2017,3307.94
1/12/2017,3286.7
1/13/2017,3324.34
1/16/2017,3294.53
1/17/2017,3285.04
1/18/2017,3294
1/19/2017,3290.33
1/20/2017,3299.44
1/23/2017,3273.04
1/24/2017,3281.53
1/25/2017,3326.15
1/26/2017,3319.13
1/27/2017,3303.33
1/30/2017,3262.72
1/31/2017,3230.68
2/1/2017,3258.92
2/2/2017,3253.61
2/3/2017,3273.11
2/6/2017,3238.31
2/7/2017,3235.71
2/8/2017,3238.04
2/9/2017,3277.79
2/10/2017,3270.83
2/13/2017,3305.23
2/14/2017,3308.89
2/15/2017,3323.71
2/16/2017,3311.04
2/17/2017,3308.81
2/20/2017,3312.39
2/21/2017,3339.33
2/22/2017,3339.27
2/23/2017,3333.96
2/24/2017,3304.09
2/27/2017,3309.3
2/28/2017,3319.61
3/1/2017,3390.2
3/2/2017,3384.71
3/3/2017,3403.39
3/6/2017,3387.46
3/7/2017,3385.12
3/8/2017,3389.62
3/9/2017,3409.89
3/10/2017,3416.27
3/13/2017,3415.49
3/14/2017,3399.43
3/15/2017,3409.32
3/16/2017,3439.96
3/17/2017,3448.41
3/20/2017,3437.48
3/21/2017,3429.62
3/22/2017,3420.7
3/23/2017,3452.18
3/24/2017,3444.15
3/27/2017,3437.14
3/28/2017,3465.07
3/29/2017,3475.27
3/30/2017,3481.58
3/31/2017,3500.93
4/3/2017,3472.94
4/4/2017,3481.66
4/5/2017,3472.58
4/6/2017,3489.57
4/7/2017,3495.8
4/10/2017,3480.44
4/11/2017,3470.04
4/12/2017,3468.51
4/13/2017,3448.26
4/18/2017,3409.78
4/19/2017,3420.99
4/20/2017,3440.03
4/21/2017,3440.27
4/24/2017,3577.38
4/25/2017,3583.16
4/26/2017,3578.71
4/27/2017,3563.29
4/28/2017,3559.59
5/1/2017,3559.59
5/2/2017,3578.21
5/3/2017,3586.25
5/4/2017,3627.88
5/5/2017,3658.79
5/8/2017,3642.11
5/9/2017,3649.08
5/10/2017,3645.74
5/11/2017,3623.55
5/12/2017,3637.52
5/15/2017,3641.88
5/16/2017,3641.89
5/17/2017,3584.83
5/18/2017,3562.22
5/19/2017,3587.01
5/22/2017,3576.53
5/23/2017,3595.03
5/24/2017,3586.62
5/25/2017,3584.55
5/26/2017,3579.02
5/29/2017,3578.95
5/30/2017,3561.22
5/31/2017,3554.59
6/1/2017,3567.02
6/2/2017,3591.82
6/5/2017,3579.55
6/6/2017,3554.18
6/7/2017,3548.84
6/8/2017,3563.88
6/9/2017,3586.07
6/12/2017,3543.95
6/13/2017,3557.87
6/14/2017,3547.15
6/15/2017,3525.46
6/16/2017,3543.88
6/19/2017,3579.58
6/20/2017,3560.66
6/21/2017,3554.35
6/22/2017,3555.76
6/23/2017,3543.68
6/26/2017,3561.76
6/27/2017,3538.32
6/28/2017,3535.7
6/29/2017,3471.33
6/30/2017,3441.88
7/3/2017,3491.81
7/4/2017,3479.47
7/5/2017,3478.41
7/6/2017,3462.06
7/7/2017,3463.84
7/10/2017,3478.06
7/11/2017,3464.48
7/12/2017,3515.23
7/13/2017,3527.83
7/14/2017,3525.94
7/17/2017,3516.35
7/18/2017,3478.68
7/19/2017,3500.28
7/20/2017,3499.49
7/21/2017,3451.71
7/24/2017,3453.17
7/25/2017,3473.54
7/26/2017,3491.19
7/27/2017,3493.14
7/28/2017,3467.73
7/31/2017,3449.36
8/1/2017,3477.39
8/2/2017,3459.32
8/3/2017,3466.37
8/4/2017,3507.41
8/7/2017,3505.8
8/8/2017,3515.63
8/9/2017,3468.45
8/10/2017,3433.54
8/11/2017,3406.34
8/14/2017,3450.66
8/15/2017,3461.91
8/16/2017,3484.57
8/17/2017,3461.97
8/18/2017,3446.03
8/21/2017,3423.53
8/22/2017,3455.59
8/23/2017,3438.63
8/24/2017,3444.73
8/25/2017,3438.55
8/28/2017,3421.03
8/29/2017,3388.22
8/30/2017,3403.71
8/31/2017,3421.47
9/1/2017,3443.88
9/4/2017,3430.42
9/5/2017,3420.86
9/6/2017,3433.8
9/7/2017,3447.66
9/8/2017,3447.69
9/11/2017,3495.19
9/12/2017,3512.56
9/13/2017,3523.14
9/14/2017,3526.48
9/15/2017,3515.55
9/18/2017,3526.74
9/19/2017,3531.18
9/20/2017,3525.55
9/21/2017,3539.59
9/22/2017,3541.42
9/25/2017,3537.81
9/26/2017,3536.38
9/27/2017,3555.17
9/28/2017,3563.64
9/29/2017,3594.85
10/2/2017,3602.69
10/4/2017,3594.91
10/5/2017,3613.54
10/6/2017,3603.32
10/9/2017,3610.5
10/10/2017,3598.79
10/11/2017,3607.39
10/12/2017,3605.54
10/13/2017,3604.55
10/16/2017,3606.27
10/17/2017,3607.77
10/18/2017,3619.65
10/19/2017,3602.08
10/20/2017,3605.09
10/23/2017,3608.87
10/24/2017,3610.69
10/25/2017,3591.46
10/26/2017,3637.2
10/27/2017,3652.23
10/30/2017,3662.18
11/1/2017,3697.4
11/2/2017,3688.8
11/3/2017,3689.96
11/6/2017,3682.36
11/7/2017,3658.77
11/8/2017,3655.04
11/9/2017,3612.5
11/10/2017,3593.76
11/13/2017,3574.52
11/14/2017,3556.38
11/15/2017,3545.72
11/16/2017,3564.8
11/17/2017,3547.46
11/20/2017,3561.41
11/21/2017,3579.32
11/22/2017,3562.65
11/23/2017,3572.07
11/24/2017,3581.23
11/27/2017,3564.02
11/28/2017,3583.49
11/29/2017,3589.91
11/30/2017,3569.93
12/1/2017,3527.55
12/4/2017,3576.22
12/5/2017,3570.57
12/6/2017,3561.57
12/7/2017,3573.13
12/8/2017,3591.45
12/11/2017,3582.21
12/12/2017,3600.35
12/13/2017,3581.75
12/14/2017,3556.22
12/15/2017,3560.53
12/18/2017,3609.42
12/19/2017,3582.22
12/20/2017,3552.65
12/21/2017,3570.78
12/22/2017,3553.39
12/27/2017,3550.17
12/28/2017,3524.31
12/29/2017,3503.96
1/2/2018,3490.19
1/3/2018,3509.88
1/4/2018,3568.88
1/5/2018,3607.63
1/8/2018,3616.45
1/9/2018,3622.87
1/10/2018,3609.83
1/11/2018,3595.24
1/12/2018,3612.61
1/15/2018,3611.81
1/16/2018,3622.01
1/17/2018,3612.78
1/18/2018,3620.91
1/19/2018,3649.07
1/22/2018,3665.28
1/23/2018,3672.29
1/24/2018,3643.22
1/25/2018,3630.15
1/26/2018,3647.41
1/29/2018,3643.04
1/30/2018,3606.75
1/31/2018,3609.29
2/1/2018,3577.35
2/2/2018,3523.28
2/5/2018,3478.77
2/6/2018,3394.92
2/7/2018,3454.52
2/8/2018,3377.3
2/9/2018,3325.99
2/12/2018,3368.25
2/13/2018,3340.93
2/14/2018,3369.83
2/15/2018,3389.63
2/16/2018,3426.8
2/19/2018,3407.79
2/20/2018,3435.08
2/21/2018,3430.16
2/22/2018,3431.99
2/23/2018,3441.46
2/26/2018,3463.18
2/27/2018,3458.03
2/28/2018,3438.96
3/1/2018,3399.16
3/2/2018,3324.75
3/5/2018,3355.32
3/6/2018,3357.86
3/7/2018,3377.36
3/8/2018,3413.28
3/9/2018,3420.54
3/12/2018,3429.48
3/13/2018,3397.35
3/14/2018,3390.98
3/15/2018,3414.13
3/16/2018,3437.4
3/19/2018,3394.79
3/20/2018,3412.08
3/21/2018,3401.04
3/22/2018,3348.19
3/23/2018,3298.07
3/26/2018,3278.72
3/27/2018,3316.95
3/28/2018,3331.25
3/29/2018,3361.5
4/3/2018,3346.93
4/4/2018,3340.35
4/5/2018,3429.95
4/6/2018,3408.1
4/9/2018,3414.85
4/10/2018,3438.78
4/11/2018,3419.71
4/12/2018,3443.97
4/13/2018,3448
4/16/2018,3441.04
4/17/2018,3477.91
4/18/2018,3490.89
4/19/2018,3486.6
4/20/2018,3494.2
4/23/2018,3513.06
4/24/2018,3510.88
4/25/2018,3485.83
4/26/2018,3506.03
4/27/2018,3518.78
4/30/2018,3536.52
5/2/2018,3553.79
5/3/2018,3529.12
5/4/2018,3550.59
5/7/2018,3564.19
5/8/2018,3557.88
5/9/2018,3569.74
5/10/2018,3569.71
5/11/2018,3565.52
5/14/2018,3565.74
5/15/2018,3564.29
5/16/2018,3562.85
5/17/2018,3592.18
5/18/2018,3573.76
5/22/2018,3587.25
5/23/2018,3541.82
5/24/2018,3521.76
5/25/2018,3515.36
5/28/2018,3482.64
5/29/2018,3428.14
5/30/2018,3441.19
5/31/2018,3406.65
6/1/2018,3453.54
6/4/2018,3469.57
6/5/2018,3456.79
6/6/2018,3460.82
6/7/2018,3459.77
6/8/2018,3447.3
6/11/2018,3480.22
6/12/2018,3475.58
6/13/2018,3479.56
6/14/2018,3527.11
6/15/2018,3505.02
6/18/2018,3466.65
6/19/2018,3435.3
6/20/2018,3439.6
6/21/2018,3403.51
6/22/2018,3441.6
6/25/2018,3369.21
6/26/2018,3368.72
6/27/2018,3397.13
6/28/2018,3365.52
6/29/2018,3395.6
7/2/2018,3372.21
7/3/2018,3406.34
7/4/2018,3412.03
7/5/2018,3440.92
7/6/2018,3448.49
7/9/2018,3460.44
7/10/2018,3473.31
7/11/2018,3422.35
7/12/2018,3445.49
7/13/2018,3454.54
7/16/2018,3449.08
7/17/2018,3457.5
7/18/2018,3485.08
7/19/2018,3471.64
7/20/2018,3460.03
7/23/2018,3454.05
7/24/2018,3483.31
7/25/2018,3468.45
7/26/2018,3509.26
7/27/2018,3527.18
7/30/2018,3512.31
7/31/2018,3525.49
8/1/2018,3509.23
8/2/2018,3469.21
8/3/2018,3482.4
8/6/2018,3483.3
8/7/2018,3504.37
8/8/2018,3493.6
8/9/2018,3494.13
8/10/2018,3426.28
8/13/2018,3409.68
8/14/2018,3409.44
8/15/2018,3359.08
8/16/2018,3377.56
8/17/2018,3372.94
8/20/2018,3393.67
8/21/2018,3411.66
8/22/2018,3420.18
8/23/2018,3419.26
8/24/2018,3427.44
8/27/2018,3456.01
8/28/2018,3447.57
8/29/2018,3456.13
8/30/2018,3430.99
8/31/2018,3392.9
9/3/2018,3394.99
9/4/2018,3359.36
9/5/2018,3315.62
9/6/2018,3295.95
9/7/2018,3293.36
9/10/2018,3309.28
9/11/2018,3311.66
9/12/2018,3326.6
9/13/2018,3333.68
9/14/2018,3344.63
9/17/2018,3346.11
9/18/2018,3358.46
9/19/2018,3368.56
9/20/2018,3403.12
9/21/2018,3430.81
9/24/2018,3410.44
9/25/2018,3419.78
9/26/2018,3433.15
9/27/2018,3449.79
9/28/2018,3399.2
10/1/2018,3414.16
10/2/2018,3388.99
10/4/2018,3375.08
10/5/2018,3345.51
10/8/2018,3309.72
10/9/2018,3321.79
10/10/2018,3266.9
10/11/2018,3209.19
10/12/2018,3194.41
10/15/2018,3210.37
10/16/2018,3257.34
10/17/2018,3243.08
10/18/2018,3211.59
10/19/2018,3210.82
10/22/2018,3190.09
10/23/2018,3140.94
10/24/2018,3130.33
10/25/2018,3164.4
10/26/2018,3134.89
10/29/2018,3154.93
10/30/2018,3147.13
10/31/2018,3197.51
11/1/2018,3204.21
11/2/2018,3214.41
11/5/2018,3217.37
11/6/2018,3207.42
11/7/2018,3246.16
11/8/2018,3237.6
11/9/2018,3229.49
11/12/2018,3194.08
11/13/2018,3224.82
11/14/2018,3205.36
11/15/2018,3190.31
11/16/2018,3180.74
11/19/2018,3160.33
11/20/2018,3116.07
11/21/2018,3153.91
11/22/2018,3126.67
11/23/2018,3137.21
11/26/2018,3172.71
11/27/2018,3166.42
11/28/2018,3168.29
11/29/2018,3174.16
11/30/2018,3173.13
12/3/2018,3214.99
12/4/2018,3189.25
12/5/2018,3150.27
12/6/2018,3045.94
12/7/2018,3058.53
12/10/2018,3016.99
12/11/2018,3055.32
12/12/2018,3107.97
12/13/2018,3112.17
12/14/2018,3092.6
12/17/2018,3063.65
12/18/2018,3040.13
12/19/2018,3051.38
12/20/2018,3000.06
12/21/2018,3000.61
12/27/2018,2937.36
12/28/2018,2986.53
1/2/2019,2993.18
1/3/2019,2954.66
1/4/2019,3041.85
1/7/2019,3033.64
1/8/2019,3054.94
1/9/2019,3070.24
1/10/2019,3075.73
1/11/2019,3070.04
1/14/2019,3055.18
1/15/2019,3068.05
1/16/2019,3077.22
1/17/2019,3069.35
1/18/2019,3134.92
1/21/2019,3125.07
1/22/2019,3112.8
1/23/2019,3112.13
1/24/2019,3126.31
1/25/2019,3163.24
1/28/2019,3137.27
1/29/2019,3153.42
1/30/2019,3161.74
1/31/2019,3159.43
2/1/2019,3171.12
2/4/2019,3165.2
2/5/2019,3215.04
2/6/2019,3212.75
2/7/2019,3150.76
2/8/2019,3135.62
2/11/2019,3165.61
2/12/2019,3190.75
2/13/2019,3202.37
2/14/2019,3182.66
2/15/2019,3241.25
2/18/2019,3244.79
2/19/2019,3239.41
2/20/2019,3259.49
2/21/2019,3263.7
2/22/2019,3270.55
2/25/2019,3280.01
2/26/2019,3289.32
2/27/2019,3282.77
2/28/2019,3298.26
3/1/2019,3312.1
3/4/2019,3317.12
3/5/2019,3327.19
3/6/2019,3324.67
3/7/2019,3308.85
3/8/2019,3283.6
3/11/2019,3304.44
3/12/2019,3303.95
3/13/2019,3323.45
3/14/2019,3342.03
3/15/2019,3386.08
3/18/2019,3387.94
3/19/2019,3409
3/20/2019,3372.38
3/21/2019,3367.4
3/22/2019,3305.73
3/25/2019,3300.48
3/26/2019,3319.53
3/27/2019,3322.04
3/28/2019,3320.29
3/29/2019,3351.71
4/1/2019,3385.38
4/2/2019,3395.7
4/3/2019,3435.56
4/4/2019,3441.93
4/5/2019,3447.47
4/8/2019,3438.06
4/9/2019,3417.22
4/10/2019,3424.65
4/11/2019,3435.34
4/12/2019,3447.83
4/15/2019,3450.46
4/16/2019,3463.36
4/17/2019,3477.73
4/18/2019,3499.23
4/23/2019,3503.85
4/24/2019,3502.63
4/25/2019,3491.92
4/26/2019,3500.41
4/29/2019,3501.94
4/30/2019,3514.62
5/2/2019,3488.93
5/3/2019,3502.48
5/6/2019,3462.95
5/7/2019,3401.16
5/8/2019,3417.26
5/9/2019,3350.71
5/10/2019,3361.05
5/13/2019,3320.78
5/14/2019,3364.38
5/15/2019,3385.78
5/16/2019,3438.56
5/17/2019,3425.64
5/20/2019,3369.78
5/21/2019,3386.51
5/22/2019,3386.72
5/23/2019,3327.2
5/24/2019,3350.7
5/27/2019,3364.04
5/28/2019,3348.86
5/29/2019,3297.81
5/30/2019,3318.15
5/31/2019,3280.43
6/3/2019,3300.22
6/4/2019,3333.49
6/5/2019,3339.95
6/6/2019,3338.41
6/7/2019,3378.38
6/11/2019,3401.1
6/12/2019,3386.63
6/13/2019,3390.5
6/14/2019,3379.19
6/17/2019,3383.21
6/18/2019,3452.89
6/19/2019,3454.7
6/20/2019,3468.08
6/21/2019,3466.92
6/24/2019,3455.57
6/25/2019,3444.36
6/26/2019,3442.95
6/27/2019,3442.38
6/28/2019,3473.69
7/1/2019,3497.59
7/2/2019,3507.98
7/3/2019,3540.63
7/4/2019,3544.15
7/5/2019,3527.98
7/8/2019,3523.76
7/9/2019,3509.75
7/10/2019,3501.52
7/11/2019,3496.73
7/12/2019,3497.63
7/15/2019,3502.22
7/16/2019,3521.36
7/17/2019,3501.58
7/18/2019,3482.83
7/19/2019,3480.18
7/22/2019,3489.92
7/23/2019,3532.87
7/24/2019,3532.9
7/25/2019,3510.15
7/26/2019,3524.47
7/29/2019,3523.58
7/30/2019,3462.85
7/31/2019,3466.85
8/1/2019,3490.03
8/2/2019,3376.12
8/5/2019,3310.93
8/6/2019,3291.66
8/7/2019,3309.99
8/8/2019,3375.38
8/9/2019,3333.74
8/12/2019,3326.55
8/13/2019,3357.16
8/14/2019,3288.7
8/15/2019,3282.78
8/16/2019,3329.08
8/19/2019,3369.19
8/20/2019,3350.23
8/21/2019,3394.89
8/22/2019,3373.67
8/23/2019,3334.25
8/26/2019,3348.84
8/27/2019,3370.47
8/28/2019,3365.38
8/29/2019,3411.33
8/30/2019,3426.76
9/2/2019,3432.54
9/3/2019,3420.74
9/4/2019,3450.83
9/5/2019,3484.7
9/6/2019,3495.19
9/9/2019,3495.02
9/10/2019,3498.99
9/11/2019,3516.82
9/12/2019,3538.86
9/13/2019,3550.11
9/16/2019,3518.45
9/17/2019,3521.26
9/18/2019,3528.04
9/19/2019,3552.65
9/20/2019,3571.39
9/23/2019,3536.97
9/24/2019,3532.05
9/25/2019,3513.03
9/26/2019,3532.18
9/27/2019,3545.88
9/30/2019,3569.45
10/1/2019,3518.25
10/2/2019,3413.31
10/4/2019,3446.71
10/7/2019,3471.24
10/8/2019,3432.76
10/9/2019,3462.11
10/10/2019,3493.96
10/11/2019,3569.92
10/14/2019,3556.26
10/15/2019,3598.65
10/16/2019,3599.25
10/17/2019,3588.62
10/18/2019,3579.41
10/21/2019,3600.08
10/22/2019,3604.82
10/23/2019,3606.89
10/24/2019,3621.37
10/25/2019,3624.68
10/28/2019,3625.69
10/29/2019,3622.09
10/30/2019,3620.29
10/31/2019,3604.41
11/1/2019,3623.74
11/4/2019,3665.21
11/5/2019,3676.52
11/6/2019,3688.74
11/7/2019,3706.68
11/8/2019,3699.65
11/11/2019,3696.82
11/12/2019,3712.2
11/13/2019,3699.5
11/14/2019,3688.81
11/15/2019,3711.61
11/18/2019,3704.92
11/19/2019,3696.56
11/20/2019,3683.88
11/21/2019,3679.66
11/22/2019,3687.32
11/25/2019,3707.68
11/26/2019,3705.55
11/27/2019,3712.85
11/28/2019,3704.48
11/29/2019,3703.58
12/2/2019,3626.66
12/3/2019,3610.99
12/4/2019,3660.02
12/5/2019,3648.13
12/6/2019,3692.34
12/9/2019,3672.18
12/10/2019,3671.78
12/11/2019,3687.45
12/12/2019,3706.35
12/13/2019,3731.07
12/16/2019,3772.74
12/17/2019,3745.28
12/18/2019,3739
12/19/2019,3739.17
12/20/2019,3776.56
12/23/2019,3776.66
12/27/2019,3782.27
12/30/2019,3748.47
1/2/2020,3793.24
1/3/2020,3773.37
1/6/2020,3752.52
1/7/2020,3759.25
1/8/2020,3772.56
1/9/2020,3795.88
1/10/2020,3789.52
1/13/2020,3779.68
1/14/2020,3774.88
1/15/2020,3768.96
1/16/2020,3774.14
1/17/2020,3808.26
1/20/2020,3799.03
1/21/2020,3789.12
1/22/2020,3769.79
1/23/2020,3736.85
1/24/2020,3779.16
1/27/2020,3677.84
1/28/2020,3719.22
1/29/2020,3736.36
1/30/2020,3690.78
1/31/2020,3640.91
2/3/2020,3661.27
2/4/2020,3732.28
2/5/2020,3777.84
2/6/2020,3805.52
2/7/2020,3798.49
2/10/2020,3793.18
2/11/2020,3825.84
2/12/2020,3854.43
2/13/2020,3846.74
2/14/2020,3840.97
2/17/2020,3853.27
2/18/2020,3836.54
2/19/2020,3865.18
2/20/2020,3822.98
2/21/2020,3800.38
2/24/2020,3647.98
2/25/2020,3572.51
2/26/2020,3577.68
2/27/2020,3455.92
2/28/2020,3329.49
3/2/2020,3338.83
3/3/2020,3371.97
3/4/2020,3420.56
3/5/2020,3363.58
3/6/2020,3232.07
3/9/2020,2959.07
3/10/2020,2910.02
3/11/2020,2905.56
3/12/2020,2545.23
3/13/2020,2586.02
3/16/2020,2450.37
3/17/2020,2530.5
3/18/2020,2385.82
3/19/2020,2454.08
3/20/2020,2548.5
3/23/2020,2485.54
3/24/2020,2715.11
3/25/2020,2800.14
3/26/2020,2847.78
3/27/2020,2728.65
3/30/2020,2765.62
3/31/2020,2786.9
4/1/2020,2680.3
4/2/2020,2688.49
4/3/2020,2662.99
4/6/2020,2795.97
4/7/2020,2857.67
4/8/2020,2851.27
4/9/2020,2892.79
4/14/2020,2917.74
4/15/2020,2808.2
4/16/2020,2812.35
4/17/2020,2888.3
4/20/2020,2909.5
4/21/2020,2791.34
4/22/2020,2834.9
4/23/2020,2852.46
4/24/2020,2809.07
4/27/2020,2882.09
4/28/2020,2932.06
4/29/2020,2996.08
4/30/2020,2927.93
5/4/2020,2816.48
5/5/2020,2875.91
5/6/2020,2843.76
5/7/2020,2880.6
5/8/2020,2908.11
5/11/2020,2883.75
5/12/2020,2884.2
5/13/2020,2810.55
5/14/2020,2760.23
5/15/2020,2770.7
5/18/2020,2911.88
5/19/2020,2902.58
5/20/2020,2942.39
5/21/2020,2904.98
5/22/2020,2905.47
5/25/2020,2971.35
5/26/2020,2999.22
5/27/2020,3051.08
5/28/2020,3094.47
5/29/2020,3050.2
6/2/2020,3159.02
6/3/2020,3269.59
6/4/2020,3261.67
6/5/2020,3384.29
6/8/2020,3366.29
6/9/2020,3320.71
6/10/2020,3293.71
6/11/2020,3144.57
6/12/2020,3153.74
6/15/2020,3136.4
6/16/2020,3242.65
6/17/2020,3267.26
6/18/2020,3249.9
6/19/2020,3269.1
6/22/2020,3241.69
6/23/2020,3298.83
6/24/2020,3196.12
6/25/2020,3218.91
6/26/2020,3204.17
6/29/2020,3232.02
6/30/2020,3234.07
7/1/2020,3228.45
7/2/2020,3320.09
7/3/2020,3294.38
7/6/2020,3350.03
7/7/2020,3321.56
7/8/2020,3286.09
7/9/2020,3261.17
7/10/2020,3296.22
7/13/2020,3350
7/14/2020,3321.39
7/15/2020,3378.21
7/16/2020,3365.35
7/17/2020,3365.6
7/20/2020,3388.34
7/21/2020,3405.35
7/22/2020,3370.76
7/23/2020,3371.74
7/24/2020,3310.89
7/27/2020,3302.84
7/28/2020,3303.56
7/29/2020,3300.16
7/30/2020,3208.2
7/31/2020,3174.32
8/3/2020,3248.28
8/4/2020,3254.29
8/5/2020,3268.38
8/6/2020,3240.39
8/7/2020,3252.65
8/10/2020,3259.71
8/11/2020,3332.12
8/12/2020,3363.18
8/13/2020,3342.85
8/14/2020,3305.05
8/17/2020,3305.85
8/18/2020,3289.64
8/19/2020,3317.62
8/20/2020,3273.98
8/21/2020,3259.75
8/24/2020,3331.74
8/25/2020,3329.71
8/26/2020,3356.76
8/27/2020,3331.04
8/28/2020,3315.54
8/31/2020,3272.51
9/1/2020,3277.58
9/2/2020,3337.77
9/3/2020,3304.22
9/4/2020,3260.59
9/7/2020,3314.07
9/8/2020,3267.37
9/9/2020,3324.83
9/10/2020,3312.77
9/11/2020,3315.81
9/14/2020,3316.79
9/15/2020,3332.26
9/16/2020,3338.84
9/17/2020,3316.57
9/18/2020,3283.69
9/21/2020,3160.95
9/22/2020,3164.13
9/23/2020,3180.11
9/24/2020,3159.64
9/25/2020,3137.06
9/28/2020,3223.19
9/29/2020,3214.3
9/30/2020,3193.61
10/1/2020,3194.09
10/2/2020,3190.93
10/5/2020,3220.22
10/6/2020,3233.3
10/7/2020,3233.43
10/8/2020,3255.76
10/9/2020,3273.12
10/12/2020,3298.12
10/13/2020,3279.19
10/14/2020,3273.28
10/15/2020,3192.69
10/16/2020,3245.47
10/19/2020,3242.51
10/20/2020,3227.87
10/21/2020,3180.7
10/22/2020,3171.41
10/23/2020,3198.86
10/26/2020,3105.25
10/27/2020,3070.6
10/28/2020,2963.54
10/29/2020,2960.03
10/30/2020,2958.21
11/2/2020,3019.54
11/3/2020,3098.72
11/4/2020,3161.07
11/5/2020,3215.56
11/6/2020,3204.05
11/9/2020,3407.91
11/10/2020,3442.62
11/11/2020,3467.3
11/12/2020,3428.2
11/13/2020,3432.07
11/16/2020,3466.21
11/17/2020,3468.48
11/18/2020,3482.17
11/19/2020,3451.97
11/20/2020,3467.6
11/23/2020,3463.04
11/24/2020,3507.98
11/25/2020,3511.9
11/26/2020,3510.94
11/27/2020,3527.79
11/30/2020,3492.54
12/1/2020,3525.24
12/2/2020,3521.32
12/3/2020,3517.1
12/4/2020,3539.27
12/7/2020,3530.08
12/8/2020,3525.87
12/9/2020,3529.02
12/10/2020,3522.31
12/11/2020,3485.84
12/14/2020,3503.96
12/15/2020,3521.5
12/16/2020,3543
12/17/2020,3560.87
12/18/2020,3545.74
12/21/2020,3448.68
12/22/2020,3497.49
12/23/2020,3539.26
12/28/2020,3575.41
12/29/2020,3581.37
12/30/2020,3571.59
1/4/2021,3564.39
1/5/2021,3547.85
1/6/2021,3611.08
1/7/2021,3622.42
1/8/2021,3645.05
1/11/2021,3620.62
1/12/2021,3612.13
1/13/2021,3616.51
1/14/2021,3641.37
1/15/2021,3599.55
1/18/2021,3602.67
1/19/2021,3595.42
1/20/2021,3624.04
1/21/2021,3618.35
1/22/2021,3602.41
1/25/2021,3553.14
1/26/2021,3592.83
1/27/2021,3536.38
1/28/2021,3557.04
1/29/2021,3481.44
2/1/2021,3530.85
2/2/2021,3590.46
2/3/2021,3609.75
2/4/2021,3642.12
2/5/2021,3655.77
2/8/2021,3665.51
2/9/2021,3661.13
2/10/2021,3648.37
2/11/2021,3671.68
2/12/2021,3695.61
2/15/2021,3734.2
2/16/2021,3726.4
2/17/2021,3699.85
2/18/2021,3681.04
2/19/2021,3713.46
2/22/2021,3699.85
2/23/2021,3689.1
2/24/2021,3705.99
2/25/2021,3685.28
2/26/2021,3636.44
3/1/2021,3706.62
3/2/2021,3707.72
3/3/2021,3712.78
3/4/2021,3704.85
3/5/2021,3669.54
3/8/2021,3763.24
3/9/2021,3786.05
3/10/2021,3819.92
3/11/2021,3845.64
3/12/2021,3833.36
3/15/2021,3829.84
3/16/2021,3850.96
3/17/2021,3849.74
3/18/2021,3867.54
3/19/2021,3837.02
3/22/2021,3833.84
3/23/2021,3827.02
3/24/2021,3832.55
3/25/2021,3832.57
3/26/2021,3866.68
3/29/2021,3882.87
3/30/2021,3926.2
3/31/2021,3919.21
4/1/2021,3945.96
4/6/2021,3970.42
4/7/2021,3956.77
4/8/2021,3977.83
4/9/2021,3978.84
4/12/2021,3961.9
4/13/2021,3966.99
4/14/2021,3976.28
4/15/2021,3993.43
4/16/2021,4032.99
4/19/2021,4019.91
4/20/2021,3940.46
4/21/2021,3976.41
4/22/2021,4014.8
4/23/2021,4013.34
4/26/2021,4020.83
4/27/2021,4011.91
4/28/2021,4015.03
4/29/2021,3996.9
4/30/2021,3974.74
5/3/2021,4000.25
5/4/2021,3924.8
5/5/2021,4002.79
5/6/2021,3999.44
5/7/2021,4034.25
5/10/2021,4023.35
5/11/2021,3946.06
5/12/2021,3947.43
5/13/2021,3952.45
5/14/2021,4017.44
5/17/2021,4006.84
5/18/2021,4005.34
5/19/2021,3936.74
5/20/2021,3999.91
5/21/2021,4025.78
5/25/2021,4036.04
5/26/2021,4031.67
5/27/2021,4039.21
5/28/2021,4070.56
5/31/2021,4039.46
6/1/2021,4071.75
6/2/2021,4088.5
6/3/2021,4079.24
6/4/2021,4089.38
6/7/2021,4097.65
6/8/2021,4096.01
6/9/2021,4096.85
6/10/2021,4096.07
6/11/2021,4126.7
6/14/2021,4132.67
6/15/2021,4143.52
6/16/2021,4151.76
6/17/2021,4158.14
6/18/2021,4083.37
6/21/2021,4112.33
6/22/2021,4123.13
6/23/2021,4075.94
6/24/2021,4122.43
6/25/2021,4120.66
6/28/2021,4089.91
6/29/2021,4107.51
6/30/2021,4064.3
7/1/2021,4078.89
7/2/2021,4084.31
7/5/2021,4087.37
7/6/2021,4052.67
7/7/2021,4078.53
7/8/2021,3991.66
7/9/2021,4068.09
7/12/2021,4093.38
7/13/2021,4094.56
7/14/2021,4099.5
7/15/2021,4056.39
7/16/2021,4035.77
7/19/2021,3928.53
7/20/2021,3956.34
7/21/2021,4026.68
7/22/2021,4059.05
7/23/2021,4109.1
7/26/2021,4102.59
7/27/2021,4064.83
7/28/2021,4103.03
7/29/2021,4116.77
7/30/2021,4089.3
8/2/2021,4116.62
8/3/2021,4117.95
8/4/2021,4144.9
8/5/2021,4161.08
8/6/2021,4174.54
8/9/2021,4177.15
8/10/2021,4187.82
8/11/2021,4206.33
8/12/2021,4226.33
8/13/2021,4229.7
8/16/2021,4202.44
8/17/2021,4196.4
8/18/2021,4189.42
8/19/2021,4124.71
8/20/2021,4147.5
8/23/2021,4176.42
8/24/2021,4178.08
8/25/2021,4181.12
8/26/2021,4169.87
8/27/2021,4190.98
8/30/2021,4198.8
8/31/2021,4196.41
9/1/2021,4227.27
9/2/2021,4232.1
9/3/2021,4201.98
9/6/2021,4246.13
9/7/2021,4225.01
9/8/2021,4177.15
9/9/2021,4177.11
9/10/2021,4170.35
9/13/2021,4189.53
9/14/2021,4191.67
9/15/2021,4145.94
9/16/2021,4169.87
9/17/2021,4130.84
9/20/2021,4043.63
9/21/2021,4097.51
9/22/2021,4150.19
9/23/2021,4194.92
9/24/2021,4158.51
9/27/2021,4165.48
9/28/2021,4058.82
9/29/2021,4080.22
9/30/2021,4048.08
10/1/2021,4035.3
10/4/2021,3996.41
10/5/2021,4065.43
10/6/2021,4012.65
10/7/2021,4098.34
10/8/2021,4073.29
10/11/2021,4072.52
10/12/2021,4055.09
10/13/2021,4083.28
10/14/2021,4149.06
10/15/2021,4182.91
10/18/2021,4151.4
10/19/2021,4166.83
10/20/2021,4172.17
10/21/2021,4155.73
10/22/2021,4188.81
10/25/2021,4188.31
10/26/2021,4223.97
10/27/2021,4220.88
10/28/2021,4233.87
10/29/2021,4250.56
11/1/2021,4280.47
11/2/2021,4296.22
11/3/2021,4309.61
11/4/2021,4333.34
11/5/2021,4363.04
11/8/2021,4352.53
11/9/2021,4344.63
11/10/2021,4348.82
11/11/2021,4358
11/12/2021,4370.33
11/15/2021,4386.19
11/16/2021,4401.49
11/17/2021,4400.81
11/18/2021,4383.7
11/19/2021,4356.47
11/22/2021,4338.69
11/23/2021,4283.82
11/24/2021,4276.25
11/25/2021,4293.24
11/26/2021,4089.58
11/29/2021,4109.51
11/30/2021,4063.06
12/1/2021,4179.15
12/2/2021,4108.02
12/3/2021,4080.15
12/6/2021,4137.11
12/7/2021,4276.2
12/8/2021,4233.09
12/9/2021,4208.3
12/10/2021,4199.16
12/13/2021,4183.04
12/14/2021,4144.51
12/15/2021,4159.68
12/16/2021,4201.87
12/17/2021,4161.35
12/20/2021,4107.13
12/21/2021,4174.99
12/22/2021,4217.06
12/23/2021,4265.86
12/27/2021,4287.98
12/28/2021,4311.93
12/29/2021,4284.83
12/30/2021,4306.07
1/3/2022,4331.82
1/4/2022,4367.62
1/5/2022,4392.15
1/6/2022,4324.81
1/7/2022,4305.83
1/10/2022,4239.52
1/11/2022,4281.54
1/12/2022,4316.39
1/13/2022,4315.9
1/14/2022,4272.19
1/17/2022,4302.14
1/18/2022,4257.82
1/19/2022,4268.28
1/20/2022,4299.61
1/21/2022,4229.56
1/24/2022,4054.36
1/25/2022,4078.26
1/26/2022,4164.6
1/27/2022,4184.97
1/28/2022,4136.91
1/31/2022,4174.6
2/1/2022,4224.45
2/2/2022,4222.05
2/3/2022,4141.02
2/4/2022,4086.58
2/7/2022,4120.56
2/8/2022,4129.25
2/9/2022,4204.09
2/10/2022,4197.07
2/11/2022,4155.23
2/14/2022,4064.45
2/15/2022,4143.71
2/16/2022,4137.22
2/17/2022,4113.19
2/18/2022,4074.28
2/21/2022,3985.71
2/22/2022,3985.47
2/23/2022,3973.41
2/24/2022,3829.29
2/25/2022,3970.69
2/28/2022,3924.23
3/1/2022,3765.85
3/2/2022,3820.59
3/3/2022,3741.78
3/4/2022,3556.01
3/7/2022,3512.22
3/8/2022,3505.29
3/9/2022,3766.02
3/10/2022,3651.39
3/11/2022,3686.78
3/14/2022,3741.1
3/15/2022,3738.11
3/16/2022,3889.69
3/17/2022,3885.32
3/18/2022,3902.44
3/21/2022,3881.8
3/22/2022,3926.12
3/23/2022,3869.22
3/24/2022,3863.39
3/25/2022,3867.73
3/28/2022,3887.1
3/29/2022,4002.18
3/30/2022,3959.14
3/31/2022,3902.52
4/1/2022,3918.68
4/4/2022,3951.12
4/5/2022,3917.85
4/6/2022,3824.69
4/7/2022,3802.01
4/8/2022,3858.37
4/11/2022,3839.62
4/12/2022,3831.47
4/13/2022,3827.96
4/14/2022,3848.68
4/19/2022,3830.76
4/20/2022,3896.81
4/21/2022,3928.03
4/22/2022,3840.01
4/25/2022,3757.59
4/26/2022,3721.36
4/27/2022,3734.64
4/28/2022,3777.02
4/29/2022,3802.86
5/2/2022,3732.44
5/3/2022,3761.19
5/4/2022,3724.99
5/5/2022,3696.63
5/6/2022,3629.17
5/9/2022,3526.86
5/10/2022,3554.8
5/11/2022,3647.87
5/12/2022,3613.43
5/13/2022,3703.42
5/16/2022,3685.34
5/17/2022,3741.51
5/18/2022,3690.74
5/19/2022,3640.55
5/20/2022,3657.03
5/23/2022,3708.39
5/24/2022,3647.56
5/25/2022,3677.1
5/26/2022,3740.31
5/27/2022,3808.86
5/30/2022,3841.62
5/31/2022,3789.21
6/1/2022,3759.54
6/2/2022,3795.13
6/3/2022,3783.66
6/6/2022,3838.42
6/7/2022,3806.74
6/8/2022,3788.93
6/9/2022,3724.45
6/10/2022,3599.2
6/13/2022,3502.5
6/14/2022,3475.18
6/15/2022,3532.32
6/16/2022,3427.91
6/17/2022,3438.46
6/20/2022,3469.83
6/21/2022,3494
6/22/2022,3464.64
6/23/2022,3436.29
6/24/2022,3533.17
6/27/2022,3538.88
6/28/2022,3549.29
6/29/2022,3514.32
6/30/2022,3454.86
7/1/2022,3448.31
7/4/2022,3452.42
7/5/2022,3359.83
7/6/2022,3421.84
7/7/2022,3488.5
7/8/2022,3506.55
7/11/2022,3471.69
7/12/2022,3487.05
7/13/2022,3453.97
7/14/2022,3396.61
7/15/2022,3477.2
7/18/2022,3511.86
7/19/2022,3587.44
7/20/2022,3585.24
7/21/2022,3596.51
7/22/2022,3596.49
7/25/2022,3604.16
7/26/2022,3575.36
7/27/2022,3607.78
7/28/2022,3652.2
7/29/2022,3708.1
8/1/2022,3706.62
8/2/2022,3684.63
8/3/2022,3732.54
8/4/2022,3754.6
8/5/2022,3725.39
8/8/2022,3757.22
8/9/2022,3715.37
8/10/2022,3749.35
8/11/2022,3757.05
8/12/2022,3776.81
8/15/2022,3789.62
8/16/2022,3805.22
8/17/2022,3756.06
8/18/2022,3777.38
8/19/2022,3730.32
8/22/2022,3658.22
8/23/2022,3652.52
8/24/2022,3667.46
8/25/2022,3674.54
8/26/2022,3603.68
8/29/2022,3570.51
8/30/2022,3561.92
8/31/2022,3517.25
9/1/2022,3456.7
9/2/2022,3544.38
9/5/2022,3490.01
9/6/2022,3500.14
9/7/2022,3502.09
9/8/2022,3512.38
9/9/2022,3570.04
9/12/2022,3646.51
9/13/2022,3586.18
9/14/2022,3567.56
9/15/2022,3541.79
9/16/2022,3500.41
9/19/2022,3499.49
9/20/2022,3467.09
9/21/2022,3491.87
9/22/2022,3427.14
9/23/2022,3348.6
9/26/2022,3342.56
9/27/2022,3328.65
9/28/2022,3335.3
9/29/2022,3279.04
9/30/2022,3318.2
10/3/2022,3342.17
10/4/2022,3484.48
10/5/2022,3447.72
10/6/2022,3433.45
10/7/2022,3375.46
10/10/2022,3356.88
10/11/2022,3340.35
10/12/2022,3331.53
10/13/2022,3362.4
10/14/2022,3381.73
10/17/2022,3441.64
10/18/2022,3463.83
10/19/2022,3471.24
10/20/2022,3492.85
10/21/2022,3476.63
10/24/2022,3527.79
10/25/2022,3585.58
10/26/2022,3605.31
10/27/2022,3604.51
10/28/2022,3613.02
10/31/2022,3617.54
11/1/2022,3651.02
11/2/2022,3622.01
11/3/2022,3593.18
11/4/2022,3688.33
11/7/2022,3708.8
11/8/2022,3739.28
11/9/2022,3728.03
11/10/2022,3846.56
11/11/2022,3868.5
11/14/2022,3887.51
11/15/2022,3915.09
11/16/2022,3882.78
11/17/2022,3878.42
11/18/2022,3924.84
11/21/2022,3909.28
11/22/2022,3929.9
11/23/2022,3946.44
11/24/2022,3961.99
11/25/2022,3962.41
11/28/2022,3935.51
11/29/2022,3934.44
11/30/2022,3964.72
12/1/2022,3984.5
12/2/2022,3977.9
12/5/2022,3956.53
12/6/2022,3939.19
12/7/2022,3920.9
12/8/2022,3921.27
12/9/2022,3942.62
12/12/2022,3921.82
12/13/2022,3986.83
12/14/2022,3975.26
12/15/2022,3835.7
12/16/2022,3804.02
12/19/2022,3811.24
12/20/2022,3802.49
12/21/2022,3872.15
12/22/2022,3823.29
12/23/2022,3817.01
12/27/2022,3832.89
12/28/2022,3808.82
12/29/2022,3850.07
12/30/2022,3793.62
1/2/2023,3856.09
1/3/2023,3882.29
1/4/2023,3973.97
1/5/2023,3959.48
1/6/2023,4017.83
1/9/2023,4068.62
1/10/2023,4057.46
1/11/2023,4099.76
1/12/2023,4126.68
1/13/2023,4150.8
1/16/2023,4157
1/17/2023,4174.33
1/18/2023,4174.34
1/19/2023,4094.28
1/20/2023,4119.9
1/23/2023,4150.82
1/24/2023,4153.02
1/25/2023,4148.11
1/26/2023,4173.98
1/27/2023,4178.01
1/30/2023,4158.63
1/31/2023,4163.45
2/1/2023,4171.44
2/2/2023,4241.12
2/3/2023,4257.98
2/6/2023,4205.45
2/7/2023,4209.31
2/8/2023,4209.15
2/9/2023,4250.14
2/10/2023,4197.94
2/13/2023,4241.36
2/14/2023,4238.76
2/15/2023,4280.04
2/16/2023,4297.24
2/17/2023,4274.92
2/20/2023,4271.18
2/21/2023,4250.4
2/22/2023,4242.88
2/23/2023,4258.16
2/24/2023,4178.82
2/27/2023,4248.01
2/28/2023,4238.38
3/1/2023,4215.75
3/2/2023,4240.59
3/3/2023,4294.8
3/6/2023,4313.78
3/7/2023,4278.96
3/8/2023,4288.45
3/9/2023,4286.12
3/10/2023,4229.53
3/13/2023,4096.54
3/14/2023,4179.47
3/15/2023,4034.92
3/16/2023,4116.98
3/17/2023,4064.99
3/20/2023,4119.42
3/21/2023,4181.6
3/22/2023,4195.7
3/23/2023,4207.14
3/24/2023,4130.62
3/27/2023,4164.62
3/28/2023,4168.21
3/29/2023,4231.27
3/30/2023,4285.42
3/31/2023,4315.05
4/3/2023,4311.05
4/4/2023,4315.32
4/5/2023,4298.36
4/6/2023,4309.45
4/11/2023,4333.29
4/12/2023,4334.03
4/13/2023,4363.24
4/14/2023,4390.75
4/17/2023,4367.61
4/18/2023,4393.95
4/19/2023,4393.57
4/20/2023,4384.86
4/21/2023,4408.59
4/24/2023,4401.8
4/25/2023,4377.85
4/26/2023,4347.71
4/27/2023,4358.05
4/28/2023,4359.31
5/2/2023,4294.85
5/3/2023,4310.18
5/4/2023,4287.03
5/5/2023,4340.43
5/8/2023,4348.65
5/9/2023,4323.09
5/10/2023,4306.76
5/11/2023,4309.75
5/12/2023,4317.88
5/15/2023,4316.41
5/16/2023,4315.51
5/17/2023,4323.23
5/18/2023,4367.45
5/19/2023,4395.3
5/22/2023,4385.63
5/23/2023,4342.38
5/24/2023,4263.74
5/25/2023,4269.64
5/26/2023,4337.5
5/29/2023,4320.01
5/30/2023,4291.58
5/31/2023,4218.04
6/1/2023,4257.61
6/2/2023,4323.52
6/5/2023,4293.24
6/6/2023,4295.22
6/7/2023,4291.91
6/8/2023,4297.68
6/9/2023,4289.79
6/12/2023,4316.49
6/13/2023,4347.55
6/14/2023,4375.98
6/15/2023,4365.12
6/16/2023,4394.82
6/19/2023,4362.38
6/20/2023,4343.14
6/21/2023,4322.75
6/22/2023,4304.47
6/23/2023,4271.61
6/26/2023,4280.57
6/27/2023,4305.26
6/28/2023,4344.75
6/29/2023,4354.69
6/30/2023,4399.09
7/3/2023,4398.15
7/4/2023,4390.99
7/5/2023,4350.71
7/6/2023,4223.09
7/7/2023,4236.6
7/10/2023,4256.51
7/11/2023,4286.56
7/12/2023,4360.46
7/13/2023,4391.76
7/14/2023,4400.11
7/17/2023,4356.79
7/18/2023,4369.73
7/19/2023,4362.28
7/20/2023,4373.73
7/21/2023,4391.41
7/24/2023,4383.03
7/25/2023,4391.3
7/26/2023,4346.15
7/27/2023,4447.44
7/28/2023,4466.5
7/31/2023,4471.31
8/1/2023,4407.54
8/2/2023,4336.5
8/3/2023,4304.63
8/4/2023,4332.91
8/7/2023,4337.5
8/8/2023,4288.85
8/9/2023,4317.33
8/10/2023,4384.04
8/11/2023,4321.33
8/14/2023,4330.23
8/15/2023,4288.57
8/16/2023,4284.27
8/17/2023,4227.83
8/18/2023,4212.95
8/21/2023,4224.87
8/22/2023,4260.37
8/23/2023,4266.67
8/24/2023,4232.22
8/25/2023,4236.25
8/28/2023,4293.69
8/29/2023,4326.47
8/30/2023,4315.31
8/31/2023,4297.11
9/1/2023,4282.64
9/4/2023,4279.87
9/5/2023,4269.16
9/6/2023,4238.26
9/7/2023,4221.02
9/8/2023,4237.19
9/11/2023,4254.33
9/12/2023,4242.27
9/13/2023,4223.48
9/14/2023,4279.75
9/15/2023,4295.05
9/18/2023,4245.88
9/19/2023,4242.7
9/20/2023,4275.98
9/21/2023,4212.59
9/22/2023,4207.16
9/25/2023,4167.37
9/26/2023,4129.18
9/27/2023,4131.68
9/28/2023,4161.56
9/29/2023,4174.66
10/2/2023,4137.63
10/3/2023,4095.59
10/4/2023,4099.85
10/5/2023,4099.81
10/6/2023,4144.43
10/9/2023,4112.57
10/10/2023,4205.23
10/11/2023,4200.8
10/12/2023,4198.23
10/13/2023,4136.12
10/16/2023,4149.86
10/17/2023,4152.32
10/18/2023,4105.86
10/19/2023,4090.33
10/20/2023,4024.68
10/23/2023,4041.75
10/24/2023,4065.37
10/25/2023,4073.35
10/26/2023,4049.4
10/27/2023,4014.36
10/30/2023,4028.32
10/31/2023,4061.12
11/1/2023,4091.71
11/2/2023,4169.62
11/3/2023,4174.67
11/6/2023,4158.64
11/7/2023,4153.37
11/8/2023,4178.49
11/9/2023,4229.2
11/10/2023,4197.36
11/13/2023,4232.19
11/14/2023,4291.72
11/15/2023,4315.53
11/16/2023,4302.45
11/17/2023,4340.77
11/20/2023,4342.41
11/21/2023,4331.9
11/22/2023,4352.02
11/23/2023,4361.32
11/24/2023,4372.1
11/27/2023,4354.41
11/28/2023,4348.02
11/29/2023,4370.53
11/30/2023,4382.47
12/1/2023,4418.51
12/4/2023,4414.95
12/5/2023,4452.77
12/6/2023,4483.26
12/7/2023,4473.77
12/8/2023,4523.31
12/11/2023,4540.19
12/12/2023,4536.61
12/13/2023,4530.19
12/14/2023,4539.16
12/15/2023,4549.44
12/18/2023,4521.13
12/19/2023,4535.4
12/20/2023,4533.82
12/21/2023,4524.86
12/22/2023,4521.47
12/27/2023,4528.38
12/28/2023,4514.38
12/29/2023,4521.65
1/2/2024,4512.81
1/3/2024,4448.13
1/4/2024,4474.01
1/5/2024,4463.51
1/8/2024,4485.48
1/9/2024,4467.17
1/10/2024,4468.98
1/11/2024,4442.28
1/12/2024,4480.02
1/15/2024,4454.68
1/16/2024,4446.51
1/17/2024,4403.08
1/18/2024,4453.05
1/19/2024,4448.83
1/22/2024,4480.32
1/23/2024,4465.91
1/24/2024,4564.11
1/25/2024,4582.26
1/26/2024,4635.47
1/29/2024,4639.36
1/30/2024,4662.7
1/31/2024,4648.4
2/1/2024,4638.6
2/2/2024,4654.55
2/5/2024,4655.27
2/6/2024,4690.87
2/7/2024,4678.85
2/8/2024,4710.78
2/9/2024,4715.87
2/12/2024,4746.35
2/13/2024,4689.28
2/14/2024,4709.22
2/15/2024,4743.17
2/16/2024,4765.65
2/19/2024,4763.07
2/20/2024,4760.28
2/21/2024,4775.31
2/22/2024,4855.36
2/23/2024,4872.57
2/26/2024,4864.29
2/27/2024,4885.74
2/28/2024,4883.77
2/29/2024,4877.77
3/1/2024,4894.86
3/4/2024,4912.92
3/5/2024,4893.07
3/6/2024,4915.49
3/7/2024,4974.22
3/8/2024,4961.11
3/11/2024,4930.42
3/12/2024,4983.2
3/13/2024,5000.55
3/14/2024,4993.12
3/15/2024,4986.02
3/18/2024,4982.76
3/19/2024,5007.92
3/20/2024,5000.31
3/21/2024,5052.31
3/22/2024,5031.15
3/25/2024,5044.19
3/26/2024,5064.18
3/27/2024,5081.74
3/28/2024,5083.42
4/2/2024,5042
4/3/2024,5069.25
4/4/2024,5070.76
4/5/2024,5014.75
4/8/2024,5046.05
4/9/2024,4990.9
4/10/2024,5000.83
4/11/2024,4966.68
4/12/2024,4955.01
4/15/2024,4984.48
4/16/2024,4916.99
4/17/2024,4914.13
4/18/2024,4936.57
4/19/2024,4918.09
4/22/2024,4936.85
4/23/2024,5008.17
4/24/2024,4989.88
4/25/2024,4939.01
4/26/2024,5006.85
4/29/2024,4981.09
4/30/2024,4921.22
5/2/2024,4890.61
5/3/2024,4921.48
5/6/2024,4956.96
5/7/2024,5016.1
5/8/2024,5038.17
5/9/2024,5054.41
5/10/2024,5085.08
5/13/2024,5078.96
5/14/2024,5080.29
5/15/2024,5100.9
5/16/2024,5072.45
5/17/2024,5064.14
5/20/2024,5074.34
5/21/2024,5046.99
5/22/2024,5025.17
5/23/2024,5037.6
5/24/2024,5035.41
5/27/2024,5059.2
5/28/2024,5030.35
5/29/2024,4963.2
5/30/2024,4982.18
5/31/2024,4983.67
6/3/2024,5003.54
6/4/2024,4953.37
6/5/2024,5035.66
6/6/2024,5069.09
6/7/2024,5051.31
6/10/2024,5016.48
6/11/2024,4965.09
6/12/2024,5034.43
6/13/2024,4935.5
6/14/2024,4839.14
6/17/2024,4880.42
6/18/2024,4915.47
6/19/2024,4885.45
6/20/2024,4947.73
6/21/2024,4907.3
6/24/2024,4950.98
6/25/2024,4935.97
6/26/2024,4915.94
6/27/2024,4902.6
6/28/2024,4894.02
7/1/2024,4929.99
7/2/2024,4906.33
7/3/2024,4965.8
7/4/2024,4987.48
7/5/2024,4979.39
7/8/2024,4969.83
7/9/2024,4903.62
7/10/2024,4958.86
7/11/2024,4976.13
7/12/2024,5043.02
7/15/2024,4983.11
7/16/2024,4947.83
7/17/2024,4891.46
7/18/2024,4870.12
7/19/2024,4827.24
7/22/2024,4897.44
7/23/2024,4916.8
7/24/2024,4861.87
7/25/2024,4811.28
7/26/2024,4862.5
7/29/2024,4815.39
7/30/2024,4841
7/31/2024,4872.94
8/1/2024,4765.72
8/2/2024,4638.7
8/5/2024,4571.6
8/6/2024,4575.22
8/7/2024,4668.06
8/8/2024,4668.74
8/9/2024,4675.28
8/12/2024,4671.88
8/13/2024,4694.92
8/14/2024,4727.6
8/15/2024,4807.77
8/16/2024,4840.52
8/19/2024,4871.41
8/20/2024,4857.58
8/21/2024,4885.28
8/22/2024,4885
8/23/2024,4909.2
8/26/2024,4896.69
8/27/2024,4898.78
8/28/2024,4913.03
8/29/2024,4966.27
8/30/2024,4957.98
9/2/2024,4973.07
9/3/2024,4912.52
9/4/2024,4848.18
9/5/2024,4815.15
9/6/2024,4738.06
9/9/2024,4778.66
9/10/2024,4747.2
9/11/2024,4763.58
9/12/2024,4814.08
9/13/2024,4843.99
9/16/2024,4827.63
9/17/2024,4860.78
9/18/2024,4835.3
9/19/2024,4943.38
9/20/2024,4871.54
9/23/2024,4885.57
9/24/2024,4940.72
9/25/2024,4916.89
9/26/2024,5032.59
9/27/2024,5067.45
9/30/2024,5000.45
10/1/2024,4954.15
10/2/2024,4963.29
10/3/2024,4921.33
10/4/2024,4954.94
10/7/2024,4969.71
10/8/2024,4949
10/9/2024,4982.57
10/10/2024,4970.34
10/11/2024,5003.92
10/14/2024,5041.01
10/15/2024,4946.73
10/16/2024,4908.71
10/17/2024,4947.3
10/18/2024,4986.27
10/21/2024,4941.22
10/22/2024,4939.31
10/23/2024,4922.55
10/24/2024,4935.45
10/25/2024,4943.09
10/28/2024,4969.83
10/29/2024,4950.02
10/30/2024,4885.75
10/31/2024,4827.63
11/1/2024,4877.75
11/4/2024,4852.1
11/5/2024,4870.33
11/6/2024,4800.63
11/7/2024,4851.96
11/8/2024,4802.76
11/11/2024,4854.03
11/12/2024,4744.69
11/13/2024,4740.34
11/14/2024,4833.53
11/15/2024,4794.85
11/18/2024,4790.33
11/19/2024,4751.23
11/20/2024,4729.71
11/21/2024,4755.83
11/22/2024,4789.08
11/25/2024,4799.87
11/26/2024,4761.99
11/27/2024,4733.15
11/28/2024,4758.65
11/29/2024,4804.4
12/2/2024,4846.73
12/3/2024,4878.51
12/4/2024,4919.02
12/5/2024,4951.58
12/6/2024,4977.78
12/9/2024,4985.46
12/10/2024,4951.74
12/11/2024,4959.35
12/12/2024,4965.53
12/13/2024,4967.95
12/16/2024,4947.03
12/17/2024,4942.58
12/18/2024,4957.28
12/19/2024,4879
12/20/2024,4862.28
12/23/2024,4852.93
12/27/2024,4898.88
12/30/2024,4869.28
1/2/2025,4917.88
1/3/2025,4871.45
1/6/2025,4986.64
1/7/2025,5011.82
1/8/2025,4996.39
1/9/2025,5017.91
1/10/2025,4977.26
1/13/2025,4954.21
1/14/2025,4980.47
1/15/2025,5032.31
1/16/2025,5106.93
1/17/2025,5148.3
1/20/2025,5164.44
1/21/2025,5165.96
1/22/2025,5205.83
1/23/2025,5217.5
1/24/2025,5219.37
1/27/2025,5188.45
1/28/2025,5195.71
1/29/2025,5230.66
1/30/2025,5282.21
1/31/2025,5286.87
2/3/2025,5217.91
2/4/2025,5264.59
2/5/2025,5271.12
2/6/2025,5356.63
2/7/2025,5325.4
2/10/2025,5358.3
2/11/2025,5390.91
2/12/2025,5405.65
2/13/2025,5500.5
2/14/2025,5493.4
2/17/2025,5519.83
2/18/2025,5533.84
2/19/2025,5461.17
2/20/2025,5461.03
2/21/2025,5474.85
2/24/2025,5453.76
2/25/2025,5447.9
2/26/2025,5527.99
2/27/2025,5472.56
2/28/2025,5463.54
3/3/2025,5540.69
3/4/2025,5387.31
3/5/2025,5489.12
3/6/2025,5520.47
3/7/2025,5468.41
3/10/2025,5386.98
3/11/2025,5309.9
3/12/2025,5359.42
3/13/2025,5328.39
3/14/2025,5404.18
3/17/2025,5445.55
3/18/2025,5485.01
3/19/2025,5507.36
3/20/2025,5450.93
3/21/2025,5423.83
3/24/2025,5415.79
3/25/2025,5475.08
3/26/2025,5411.69
3/27/2025,5381.08
3/28/2025,5331.4
3/31/2025,5248.39
4/1/2025,5320.3
4/2/2025,5303.95
4/3/2025,5113.28
4/4/2025,4878.31
4/7/2025,4656.41
4/8/2025,4773.65
4/9/2025,4622.14
4/10/2025,4818.92
4/11/2025,4787.23
4/14/2025,4911.39
4/15/2025,4970.43
4/16/2025,4966.5
4/17/2025,4935.34