date,euro_stoxx,Crude Oil Prices: Brent - Europe," Price Index for Consumer: Energy(electricity, heat, fuel) ",ecb_interest_rate,global_clean_index,production volume in industry,sentiment,Closing Coal Prices,EU Natural Gas Prices,label
2015-01-03,,,,,,,,,,6.71
2015-01-10,3139.44,,,0.05,626.91,95.7,0.0,,,7.13
2015-01-17,3047.164,,,0.05,619.63,95.7,0.1051524,,,6.8
2015-01-24,3133.462,,,0.05,619.2139999999999,95.7,-0.5618259999999999,,,7.08
2015-01-31,3288.15,,,0.05,618.8340000000001,95.7,-0.194128,,,6.95
2015-02-07,3373.818,,,0.05,645.03,95.7,0.1740586,,,7.63
2015-02-14,3401.388,,,0.05,664.746,95.75,-0.1969962,,,7.32
2015-02-21,3394.0440000000003,,,0.05,674.562,95.8,0.2947768,,,7.1
2015-02-28,3463.2300000000005,,,0.05,680.768,95.85,-0.132908,,,6.8
2015-03-07,3556.4800000000005,,100.49,0.05,692.966,95.9,-0.2589918,,9.29,6.46
2015-03-14,3591.894,,100.47114285714284,0.05,736.5319999999999,95.89142857142858,0.1662966,62.5,9.192285714285712,7.04
2015-03-21,3624.92,,100.45228571428572,0.05,728.436,95.88285714285716,0.4947928,62.0,9.094571428571427,6.76
2015-03-28,3688.846,,100.43342857142856,0.05,737.7860000000001,95.87428571428572,0.268088,61.25,8.996857142857142,7.15
2015-04-04,3692.65,,100.41457142857142,0.05,749.52,95.86571428571428,-0.0119256,60.620000000000005,8.899142857142856,6.94
2015-04-11,3713.835,,100.39571428571428,0.05,765.02,95.85714285714286,-0.4643325,58.825,8.80142857142857,6.84
2015-04-18,3777.475,,100.37685714285712,0.05,786.862,95.84857142857145,0.1230653999999999,58.21,8.703714285714286,7.28
2015-04-25,3768.526,59.6125,100.358,0.05,803.366,95.84,-0.0894,59.720000000000006,8.606,7.48
2015-05-02,3714.75,61.412,100.33914285714285,0.05,802.982,95.83142857142856,0.1737778,59.56,8.508285714285714,7.53
2015-05-09,3667.032,63.49400000000001,100.32028571428572,0.05,802.462,95.82285714285716,-0.20573,59.69,8.410571428571428,7.59
2015-05-16,3588.644,65.006,100.30142857142856,0.05,795.642,95.81428571428572,0.0103327999999999,59.85,8.312857142857142,7.3
2015-05-23,3585.244,64.902,100.28257142857144,0.05,808.082,95.80571428571427,0.0202466,59.28,8.215142857142856,7.32
2015-05-30,3662.216,64.31,100.26371428571429,0.05,794.156,95.79714285714286,0.0,58.870000000000005,8.11742857142857,7.4
2015-06-06,3635.814,62.196000000000005,100.24485714285714,0.05,775.708,95.78857142857144,0.0,58.65,8.019714285714285,7.61
2015-06-13,3557.428,61.898,100.226,0.05,765.5840000000001,95.78,0.127084,57.39,7.922,7.41
2015-06-20,3501.2519999999995,63.238,100.20714285714286,0.05,748.242,95.77142857142856,0.201215,57.08,7.824285714285714,7.52
2015-06-27,3445.434,60.654,100.18828571428573,0.05,746.4979999999999,95.76285714285714,0.1567742,57.95,7.726571428571428,7.42
2015-07-04,3613.054,60.84400000000001,100.16942857142855,0.05,751.454,95.75428571428571,0.1603944,58.370000000000005,7.628857142857143,7.59
2015-07-11,3458.898,60.356,100.15057142857142,0.05,720.824,95.74571428571429,0.2375122,59.5,7.531142857142857,7.72
2015-07-18,3387.146,56.63199999999999,100.13171428571428,0.05,689.594,95.73714285714286,0.334726,58.45,7.433428571428571,7.98
2015-07-25,3633.648,57.172,100.11285714285714,0.05,718.2520000000001,95.72857142857144,-0.1582218,58.44,7.335714285714285,7.85
2015-08-01,3640.952,55.754,100.094,0.05,699.744,95.72,0.1837396,58.56,7.237999999999999,7.76
2015-08-08,3565.4440000000004,54.136,100.07514285714284,0.05,674.85,95.71142857142856,0.1751364,58.13,7.140285714285714,8.3
2015-08-15,3647.546,48.59,100.0562857142857,0.05,670.524,95.70285714285714,0.2988119999999999,57.19,7.042571428571428,8.18
2015-08-22,3554.362,47.944,100.03742857142856,0.05,659.55,95.69428571428573,-0.1908139999999999,56.61,6.944857142857143,8.09
2015-08-29,3404.772,45.998000000000005,100.01857142857142,0.05,635.7180000000001,95.68571428571428,-0.377668,56.03,6.847142857142857,8.07
2015-09-05,3205.9,43.528,99.99971428571428,0.05,595.542,95.67714285714284,0.293684,55.63,6.749428571428572,8.24
2015-09-12,3221.512,48.8675,99.98085714285716,0.05,592.4739999999999,95.66857142857144,-0.15682,54.89,6.651714285714286,8.09
2015-09-19,3222.174,47.596,99.962,0.05,596.478,95.66,0.1374862,53.760000000000005,6.554,7.98
2015-09-26,3209.62,47.336,99.94314285714286,0.05,602.77,95.65142857142855,-0.12693,53.92,6.456285714285714,8.13
2015-10-03,3094.652,47.334,99.92428571428572,0.05,581.8979999999999,95.64285714285714,0.0,53.66,6.3585714285714285,8.33
2015-10-10,3065.44,46.988,99.90542857142856,0.05,577.5225,95.63428571428572,0.0033469999999999,51.53,6.260857142857143,8.38
2015-10-17,3222.43,51.33200000000001,99.88657142857144,0.05,627.496,95.62571428571428,0.2569492,52.29,6.163142857142857,8.62
2015-10-24,3232.784,48.994,99.86771428571429,0.05,638.494,95.61714285714284,0.1689052,51.84,6.065428571428571,8.63
2015-10-31,3315.782,46.81,99.84885714285714,0.05,638.51,95.60857142857142,0.5215096,51.95,5.967714285714286,8.4
2015-11-07,3409.664,47.15,99.83,0.05,627.508,95.6,0.2639905999999999,52.67999999999999,5.87,8.39
2015-11-14,3446.4080000000004,47.23,99.7153846153846,0.05,629.7239999999999,95.59615384615384,-0.1293702,53.28,5.797692307692308,8.51
2015-11-21,3408.106,44.752,99.60076923076925,0.05,605.208,95.59230769230768,0.0953448,53.33,5.725384615384615,8.58
2015-11-28,3429.494,41.544,99.48615384615384,0.05,593.8879999999999,95.58846153846152,-0.362858,54.38,5.653076923076923,8.52
2015-12-05,3460.906,43.652,99.37153846153846,0.05,598.524,95.58461538461538,-0.1773972,53.21,5.580769230769231,8.07
2015-12-12,3425.768,42.412,99.25692307692309,0.05,607.12,95.58076923076922,0.1628576,49.25,5.508461538461539,8.06
2015-12-19,3281.612,38.762,99.1423076923077,0.05,595.934,95.57692307692308,-0.0588009999999999,47.47,5.436153846153847,8.19
2015-12-26,3238.944,36.836,99.0276923076923,0.05,615.4559999999999,95.57307692307693,-0.485972,47.73,5.363846153846154,8.22
2016-01-02,3249.62,35.9025,98.91307692307691,0.05,628.458,95.56923076923076,-0.23612,47.5,5.291538461538462,7.41
2016-01-09,3286.25,36.5475,98.79846153846154,0.05,626.8975,95.56538461538462,-0.353025,47.3125,5.219230769230769,6.67
2016-01-16,3120.048,34.194,98.68384615384616,0.05,603.794,95.56153846153846,-0.1750499999999999,47.91,5.146923076923077,6.32
2016-01-23,3028.33,29.1,98.56923076923076,0.05,555.242,95.5576923076923,0.2924908,45.96,5.0746153846153845,6.04
2016-01-30,2953.12,27.756,98.45461538461538,0.05,522.244,95.55384615384617,-0.1213534,45.57,5.002307692307692,5.54
2016-02-06,3020.52,31.748,98.34,0.05,534.9159999999999,95.55,0.2773942,45.52,4.93,5.05
2016-02-13,2930.836,32.184000000000005,98.2253846153846,0.05,543.028,95.54615384615384,-0.37913,44.64,4.857692307692307,5.15
2016-02-20,2749.446,30.410000000000004,98.11076923076922,0.05,506.366,95.54230769230767,-0.1080058,43.72,4.785384615384616,4.98
2016-02-27,2863.81,32.29,97.99615384615385,0.05,517.812,95.53846153846152,-0.0393598,43.48,4.713076923076923,4.92
2016-03-05,2889.6220000000003,33.116,97.88153846153844,0.05,530.486,95.53461538461538,0.272969,43.96,4.640769230769231,4.98
2016-03-12,3002.9,36.278,97.76692307692308,0.05,551.798,95.53076923076922,-0.0608079999999999,45.21,4.568461538461539,4.93
2016-03-19,3016.772,39.296,97.65230769230767,0.05,569.196,95.52692307692308,-0.4381159999999999,46.5,4.496153846153846,4.84
2016-03-26,3064.822,38.496,97.5376923076923,0.0142857142857142,581.9399999999999,95.52307692307691,-0.38817,46.15,4.423846153846154,5.16
2016-04-02,3032.2875,39.405,97.42307692307692,0.0,579.6659999999999,95.51923076923076,0.2267933333333333,45.925,4.351538461538461,5.41
2016-04-09,3001.795,37.0,97.30846153846151,0.0,582.524,95.51538461538462,0.1806938,44.690000000000005,4.27923076923077,5.47
2016-04-16,2909.108,37.512,97.19384615384617,0.0,570.7139999999999,95.51153846153846,0.0,44.48,4.206923076923077,5.96
2016-04-23,3004.1420000000003,42.35,97.07923076923076,0.0,583.9100000000001,95.50769230769232,0.0739164,45.2,4.134615384615385,6.17
2016-04-30,3122.4700000000003,43.04,96.9646153846154,0.0,589.0899999999999,95.50384615384615,-0.2115336,45.81,4.062307692307693,5.85
2016-05-07,3104.596,44.464,96.85,0.0,584.952,95.5,0.1750104,45.73,3.99,5.84
2016-05-14,2964.548,44.196000000000005,96.92542857142855,0.0,558.588,95.54571428571428,-0.3689931999999999,46.15,4.0553754245428575,5.95
2016-05-21,2956.7200000000003,45.2,97.00085714285714,0.0,549.2059999999999,95.59142857142857,0.0399106,47.64,4.120750849085715,6.02
2016-05-28,2945.458,48.336,97.0762857142857,0.0,539.674,95.63714285714286,-0.0551005999999999,48.07,4.186126273628572,5.93
2016-06-04,3030.868,48.734,97.15171428571428,0.0,544.4939999999999,95.68285714285716,-0.761272,48.57,4.251501698171428,5.94
2016-06-11,3044.734,48.905,97.22714285714284,0.0,554.112,95.72857142857144,-0.447186,51.14,4.316877122714286,5.66
2016-06-18,2992.4980000000005,49.944,97.30257142857144,0.0,562.315,95.77428571428572,0.0034651999999999,51.33,4.382252547257143,4.95
2016-06-25,2829.894,47.388,97.378,0.0,528.418,95.82,-0.0044713999999999,50.61,4.4476279718,4.61
2016-07-02,2940.496,48.122,97.45342857142856,0.0,546.682,95.86571428571428,-0.0607731999999999,51.92,4.5130033963428575,4.53
2016-07-09,2807.218,47.092,97.52885714285712,0.0,544.824,95.91142857142856,0.010062,54.32000000000001,4.578378820885715,4.92
2016-07-16,2810.914,45.964,97.60428571428572,0.0,557.388,95.95714285714286,-0.0394051999999999,56.74,4.643754245428572,4.55
2016-07-23,2933.324,45.538,97.67971428571428,0.0,574.13,96.00285714285714,0.352286,57.66,4.7091296699714285,4.41
2016-07-30,2957.588,45.220000000000006,97.75514285714286,0.0,578.4399999999999,96.04857142857142,0.254176,57.07000000000001,4.774505094514286,4.72
2016-08-06,2981.692,42.546,97.83057142857142,0.0,581.332,96.09428571428572,-0.3627386,58.010000000000005,4.839880519057143,4.89
2016-08-13,2938.28,40.884,97.906,0.0,583.0360000000001,96.14,-0.469458,60.27,4.9052559436,4.76
2016-08-20,3024.906,43.63,97.98142857142857,0.0,586.184,96.18571428571428,-0.649822,60.620000000000005,4.9706313681428576,4.69
2016-08-27,3001.376,48.602,98.05685714285714,0.0,589.7,96.23142857142857,-0.4219226,60.74,5.036006792685715,4.08
2016-09-03,2992.148,48.654,98.13228571428571,0.0,591.97,96.27714285714283,-0.1627016,60.05,5.101382217228572,4.08
2016-09-10,3029.922,47.31,98.20771428571427,0.0,587.088,96.32285714285716,-0.760366,61.08,5.166757641771429,4.36
2016-09-17,3075.244,47.506,98.28314285714283,0.0,604.2280000000001,96.36857142857144,0.1449936,60.75,5.232133066314286,4.54
2016-09-24,2972.32,46.208,98.35857142857142,0.0,578.204,96.41428571428573,0.2640764,60.77,5.297508490857143,4.96
2016-10-01,2999.87,46.238,98.434,0.0,587.604,96.46,-0.4307961999999999,61.99,5.3628839154,5.69
2016-10-08,2986.33,46.744,98.50942857142856,0.0,585.048,96.50571428571428,-0.3070508,64.24,5.428259339942858,5.81
2016-10-15,3015.286,49.524,98.58485714285712,0.0,576.35,96.55142857142856,0.3116904,76.0,5.493634764485715,5.89
2016-10-22,3012.942,49.94199999999999,98.6602857142857,0.0,568.494,96.59714285714286,-0.0328266,75.12,5.559010189028571,5.88
2016-10-29,3053.186,50.334,98.73571428571428,0.0,573.6600000000001,96.64285714285714,0.1878664,78.69,5.6243856135714285,6.41
2016-11-05,3085.332,48.95399999999999,98.81114285714284,0.0,563.796,96.68857142857142,0.392599,79.96000000000001,5.689761038114286,5.67
2016-11-12,2997.318,44.626,98.88657142857144,0.0,541.712,96.7342857142857,0.1310654,85.47999999999999,5.755136462657143,5.58
2016-11-19,3033.1220000000003,43.092,98.962,0.0,521.37,96.78,-0.1100904,88.53999999999999,5.8205118872,5.0
2016-11-26,3035.7,44.006,99.03742857142856,0.0,499.238,96.82571428571428,0.2262528,87.1,5.885887311742858,4.3
2016-12-03,3039.684,46.492,99.11285714285714,0.0,504.426,96.87142857142857,0.2840358,85.61,5.951262736285715,4.46
2016-12-10,3030.588,48.78,99.18828571428573,0.0,505.09800000000007,96.91714285714284,0.188143,84.78999999999999,6.016638160828572,4.93
2016-12-17,3135.816,52.260000000000005,99.26371428571429,0.0,507.956,96.96285714285712,-0.3342819999999999,81.91,6.082013585371429,6.22
2016-12-24,3231.302,53.258,99.33914285714285,0.0,504.7,97.00857142857144,0.1393135999999999,88.49,6.147389009914287,6.54
2016-12-31,3270.298,53.814,99.41457142857142,0.0,499.866,97.05428571428573,0.15456825,89.87,6.212764434457143,5.03
2017-01-07,3279.8825,54.96,99.49,0.0,503.524,97.1,-0.0013151999999999,90.3625,6.278139859,5.03
2017-01-14,3315.7699999999995,55.1275,99.50820512820512,0.0,516.156,97.18205128205128,-0.3379999999999999,84.3,6.26825215374359,5.42
2017-01-21,3306.832,54.016,99.52641025641026,0.0,526.1220000000001,97.26410256410256,0.0896604,87.19,6.25836444848718,4.91
2017-01-28,3292.668,54.194,99.54461538461538,0.0,531.226,97.34615384615384,0.3568086,89.11,6.2484767432307695,5.49
2017-02-04,3300.636,54.90599999999999,99.56282051282052,0.0,532.0,97.42820512820512,0.3483158,87.34,6.238589037974359,5.45
2017-02-11,3255.808,55.534000000000006,99.58102564102563,0.0,531.7560000000001,97.5102564102564,0.2819426,84.38,6.228701332717949,5.31
2017-02-18,3252.136,54.482000000000006,99.59923076923076,0.0,535.72,97.59230769230768,-0.1987856,83.1,6.218813627461539,5.73
2017-02-25,3311.536,54.464,99.6174358974359,0.0,553.558,97.67435897435897,0.2996198,81.21000000000001,6.208925922205129,5.94
2017-03-04,3325.808,55.4,99.63564102564102,0.0,559.618,97.75641025641023,0.2247992,81.69,6.199038216948718,5.51
2017-03-11,3361.442,54.402,99.65384615384616,0.0,553.3059999999999,97.83846153846152,-0.0872447999999999,78.04,6.189150511692308,5.48
2017-03-18,3397.672,52.784000000000006,99.67205128205129,0.0,548.5,97.9205128205128,-0.0356566,75.75,6.179262806435898,5.11
2017-03-25,3422.522,50.294,99.6902564102564,0.0,553.5,98.0025641025641,0.2529376,75.16,6.169375101179488,5.04
2017-04-01,3436.826,50.102,99.70846153846152,0.0,544.952,98.08461538461538,0.356996,73.77000000000001,6.159487395923077,5.25
2017-04-08,3471.998,51.33,99.72666666666666,0.0,544.268,98.16666666666666,-0.0463509999999999,73.46000000000001,6.149599690666667,5.32
2017-04-15,3482.51,53.278,99.7448717948718,0.0,542.8620000000001,98.24871794871794,-0.3159276,76.92999999999999,6.139711985410257,4.94
2017-04-22,3466.8125,54.83,99.76307692307692,0.0,542.1020000000001,98.33076923076922,-0.305143,75.2375,6.129824280153846,4.94
2017-04-29,3427.7675,52.082,99.78128205128203,0.0,539.432,98.4128205128205,-0.0599877999999999,75.47999999999999,6.119936574897436,4.94
2017-05-06,3572.4260000000004,49.54600000000001,99.79948717948716,0.0,540.9979999999999,98.49487179487178,0.33247,75.21000000000001,6.110048869641026,4.83
2017-05-13,3602.144,48.704,99.81769230769233,0.0,546.818,98.57692307692308,0.1572184,73.96000000000001,6.100161164384615,5.22
2017-05-20,3639.6,48.004000000000005,99.83589743589744,0.0,549.2479999999999,98.65897435897436,0.0144462,72.78999999999999,6.0902734591282055,5.58
2017-05-27,3603.566,51.75,99.85410256410256,0.0,547.082,98.74102564102564,0.0238521999999999,73.57000000000001,6.080385753871795,5.54
2017-06-03,3584.35,52.584,99.87230769230769,0.0,548.6360000000001,98.82307692307693,-0.512598,74.77000000000001,6.070498048615385,5.42
2017-06-10,3570.72,50.234,99.89051282051282,0.0,549.542,98.9051282051282,-0.1537987999999999,77.06,6.060610343358975,5.26
2017-06-17,3566.504,47.276,99.90871794871796,0.0,546.204,98.98717948717947,0.5625296000000001,78.03,6.050722638102564,5.25
2017-06-24,3543.6620000000003,46.182,99.92692307692307,0.0,539.434,99.06923076923076,0.269666,78.47999999999999,6.040834932846154,5.42
2017-07-01,3558.806,44.626,99.9451282051282,0.0,540.178,99.15128205128204,-0.0449254,79.0,6.030947227589744,5.74
2017-07-08,3509.798,46.162,99.96333333333334,0.0,547.6659999999999,99.23333333333332,0.0522079999999999,79.1,6.021059522333333,5.82
2017-07-15,3475.118,48.172,99.98153846153846,0.0,546.698,99.31538461538462,-0.0983524,83.49,6.011171817076924,5.6
2017-07-22,3502.308,47.104,99.9997435897436,0.0,553.4739999999999,99.3974358974359,0.370461,84.01,6.001284111820513,5.69
2017-07-29,3489.302,47.986,100.01794871794873,0.0,571.8,99.47948717948718,0.4566492,83.38,5.991396406564102,5.86
2017-08-05,3475.754,49.95,100.03615384615384,0.0,575.618,99.56153846153846,-0.245657,83.28,5.981508701307693,5.99
2017-08-12,3471.97,52.04200000000001,100.05435897435898,0.0,579.278,99.64358974358974,-0.1690466,82.8,5.971620996051282,6.41
2017-08-19,3465.952,51.964,100.0725641025641,0.0,580.594,99.72564102564102,-0.285062,84.22,5.961733290794872,6.69
2017-08-26,3461.028,50.582,100.09076923076924,0.0,577.542,99.8076923076923,-0.0467165999999999,85.57000000000001,5.951845585538462,6.43
2017-09-02,3440.206,52.028,100.10897435897436,0.0,575.0559999999999,99.8897435897436,0.4005566,85.9,5.941957880282051,7.56
2017-09-09,3415.6620000000003,52.252,100.12717948717948,0.0,580.182,99.97179487179488,-0.1281954,88.67,5.9320701750256415,7.44
2017-09-16,3436.086,53.884,100.1453846153846,0.0,581.0675,100.05384615384617,-0.1054546,89.17,5.922182469769231,7.14
2017-09-23,3514.584,55.544,100.16358974358974,0.0,586.132,100.13589743589743,0.2848752,90.98,5.91229476451282,7.59
2017-09-30,3532.896,57.034000000000006,100.18179487179488,0.0,585.882,100.21794871794872,0.7187680000000001,91.92,5.902407059256411,7.52
2017-10-07,3557.57,58.75,100.2,0.0,571.85,100.3,0.586151,91.17,5.892519354,7.78
2017-10-14,3603.615,56.076,100.22192307692308,0.0,578.818,100.29615384615384,0.1548928,91.6,5.937604477576923,8.0
2017-10-21,3605.354,56.206,100.24384615384616,0.0,583.1299999999999,100.29230769230767,0.2933778,90.96,5.982689601153846,7.61
2017-10-28,3608.172,57.776,100.26576923076924,0.0,586.27,100.28846153846152,-0.3472554,92.13,6.02777472473077,8.32
2017-11-04,3620.09,58.576,100.28769230769232,0.0,585.3100000000001,100.28461538461538,0.6250794,92.15,6.072859848307693,7.86
2017-11-11,3684.585,61.038,100.30961538461538,0.0,593.882,100.28076923076922,-0.2217589999999999,94.43,6.117944971884615,7.93
2017-11-18,3640.486,64.28599999999999,100.33153846153846,0.0,587.462,100.27692307692308,0.3830984,94.91,6.163030095461538,8.21
2017-11-25,3557.7760000000003,61.524,100.35346153846154,0.0,575.606,100.27307692307691,-0.547184,94.12,6.208115219038461,8.13
2017-12-02,3571.336,62.678,100.37538461538462,0.0,572.5699999999999,100.26923076923076,0.2105649999999999,93.6,6.253200342615385,7.58
2017-12-09,3566.9800000000005,63.73,100.39730769230768,0.0,569.498,100.26538461538462,0.6037258,92.46,6.298285466192308,7.65
2017-12-16,3574.588,63.076,100.41923076923077,0.0,558.3,100.26153846153846,0.0992676,93.78,6.343370589769231,8.62
2017-12-23,3576.2120000000004,64.354,100.44115384615384,0.0,572.618,100.25769230769232,0.0266637999999999,95.05,6.388455713346154,8.6
2017-12-30,3573.692,64.364,100.46307692307693,0.0,586.064,100.25384615384615,0.26018125,94.88,6.433540836923077,8.19
2018-01-06,3526.146666666667,66.52,100.485,0.0,596.37,100.25,-0.13666,94.8,6.4786259605000005,8.26
2018-01-13,3544.145,67.81,100.50692307692309,0.0,604.9449999999999,100.24615384615385,-0.144895,96.375,6.523711084076923,9.25
2018-01-20,3611.4,69.47,100.52884615384616,0.0,615.232,100.24230769230768,-0.0628601999999999,95.83,6.568796207653846,9.67
2018-01-27,3623.316,69.388,100.55076923076923,0.0,616.4925,100.23846153846154,0.4907522,95.25,6.613881331230769,9.53
2018-02-03,3651.67,70.03999999999999,100.57269230769232,0.0,615.672,100.23461538461538,0.0088757999999999,94.65,6.658966454807692,9.79
2018-02-10,3591.942,68.00399999999999,100.59461538461538,0.0,612.856,100.23076923076924,0.4858762,89.56,6.704051578384616,10.13
2018-02-17,3406.3,65.49600000000001,100.61653846153844,0.0,578.7639999999999,100.22692307692309,-0.194746,84.86,6.749136701961539,10.43
2018-02-24,3379.088,62.718,100.63846153846154,0.0,592.7239999999999,100.22307692307692,0.1982368,84.4,6.794221825538462,10.77
2018-03-03,3429.296,65.52000000000001,100.6603846153846,0.0,608.1324999999999,100.21923076923078,0.6526168,85.89,6.839306949115384,11.79
2018-03-10,3416.8160000000003,66.024,100.68230769230767,0.0,604.2180000000001,100.21538461538462,-0.0941149999999999,81.06,6.884392072692307,11.73
2018-03-17,3384.8720000000003,65.12,100.70423076923076,0.0,605.754,100.21153846153848,0.3290254,81.22,6.929477196269231,13.23
2018-03-24,3413.868,64.138,100.72615384615384,0.0,615.088,100.20769230769233,0.1303962,80.86,6.974562319846154,14.04
2018-03-31,3370.834,67.396,100.74807692307692,0.0,614.826,100.20384615384616,-0.1958289999999999,80.03,7.019647443423077,13.76
2018-04-07,3322.105,68.6475,100.77,0.0,611.88,100.2,-0.63722,79.3,7.064732567,14.84
2018-04-14,3381.3325,67.0275,100.94461538461536,0.0,612.568,100.17692307692307,0.2393221999999999,80.5875,7.1075271913076925,14.02
2018-04-21,3433.0620000000004,71.244,101.11923076923075,0.0,623.7239999999999,100.15384615384616,-0.4206284,82.05,7.150321815615385,14.58
2018-04-28,3478.128,73.392,101.29384615384616,0.0,623.946,100.13076923076925,0.2414369999999999,81.58,7.193116439923077,14.04
2018-05-05,3506.916,74.982,101.46846153846154,0.0,620.9159999999999,100.10769230769232,0.237943,82.37,7.235911064230769,15.68
2018-05-12,3542.505,74.422,101.64307692307692,0.0,625.4219999999999,100.0846153846154,0.1226834,85.21000000000001,7.278705688538461,16.38
2018-05-19,3565.4080000000004,76.68,101.81769230769233,0.0,627.552,100.06153846153846,0.033273,87.13,7.321500312846154,17.17
2018-05-26,3571.764,78.75399999999999,101.99230769230768,0.0,632.802,100.03846153846156,0.35309,89.72999999999999,7.364294937153846,16.55
2018-06-02,3541.5475,78.59,102.16692307692308,0.0,630.3140000000001,100.01538461538462,-0.1194715999999999,90.01,7.407089561461539,17.2
2018-06-09,3442.432,75.3475,102.34153846153846,0.0,614.9350000000001,99.99230769230768,0.1563456,94.57,7.449884185769231,15.98
2018-06-16,3458.85,73.978,102.51615384615386,0.0,591.1800000000001,99.96923076923078,-0.1939548,95.27,7.492678810076923,16.61
2018-06-23,3493.498,74.25999999999999,102.69076923076923,0.0,584.9559999999999,99.94615384615383,-0.2554438,96.61,7.535473434384615,16.51
2018-06-30,3437.332,74.11600000000001,102.86538461538464,0.0,576.058,99.92307692307692,-0.725684,96.48,7.5782680586923075,17.28
2018-07-07,3379.236,75.238,103.04,0.0,563.0360000000001,99.9,-0.4052247999999999,96.46,7.621062683,17.69
2018-07-14,3415.9980000000005,76.328,103.07032786885246,0.0,563.8675,99.89016393442624,-0.1589829999999999,99.7,7.546730583049181,18.77
2018-07-21,3451.226,75.28999999999999,103.10065573770493,0.0,573.082,99.88032786885246,-0.384816,101.94,7.47239848309836,19.09
2018-07-28,3464.666,71.27000000000001,103.13098360655738,0.0,569.552,99.8704918032787,0.2953146,100.89,7.398066383147541,19.53
2018-08-04,3488.45,74.0,103.16131147540985,0.0,581.518,99.86065573770492,0.6208206000000001,99.66,7.323734283196721,19.73
2018-08-11,3499.728,73.372,103.1916393442623,0.0,580.994,99.85081967213117,0.1746082,94.85,7.249402183245902,20.04
2018-08-18,3480.336,71.416,103.22196721311477,0.0,571.188,99.8409836065574,-0.1712738,96.5,7.175070083295082,22.83
2018-08-25,3385.74,69.824,103.25229508196722,0.0,545.856,99.8311475409836,0.327193,97.89,7.100737983344263,23.2
2018-09-01,3414.442,72.772,103.28262295081969,0.0,556.8399999999999,99.82131147540984,0.5753654,97.31,7.026405883393442,25.33
2018-09-08,3436.72,76.076,103.31295081967214,0.0,558.7639999999999,99.81147540983606,-0.0375774,98.04,6.952073783442623,22.42
2018-09-15,3331.856,76.644,103.3432786885246,0.0,547.41,99.8016393442623,0.6116322000000001,100.45,6.877741683491803,24.88
2018-09-22,3325.17,78.10799999999999,103.37360655737706,0.0,543.472,99.79180327868852,0.0130655999999999,100.32,6.803409583540984,24.63
2018-09-29,3381.4120000000003,78.96600000000001,103.40393442622953,0.0,551.9,99.78196721311475,0.231006,99.65,6.729077483590164,26.1
2018-10-06,3422.472,81.846,103.43426229508198,0.0,550.106,99.772131147541,0.0366771999999999,100.45,6.654745383639344,24.21
2018-10-13,3380.935,85.442,103.46459016393445,0.0,544.274,99.7622950819672,0.2495525999999999,101.36,6.580413283688524,22.64
2018-10-20,3260.402,83.05199999999999,103.49491803278688,0.0,531.78,99.75245901639344,-0.519666,100.04,6.506081183737705,20.59
2018-10-27,3226.6400000000003,80.40599999999999,103.52524590163937,0.0,532.5600000000001,99.74262295081968,0.4622854,99.53,6.431749083786885,19.18
2018-11-03,3152.13,78.232,103.5555737704918,0.0,519.574,99.7327868852459,-0.5259400000000001,100.07,6.357416983836066,21.65
2018-11-10,3183.638,74.088,103.58590163934429,0.0,519.946,99.72295081967214,-0.1159914,97.38,6.2830848838852456,21.31
2018-11-17,3227.608,70.34400000000001,103.61622950819672,0.0,551.582,99.71311475409836,-0.0377779999999999,93.19,6.208752783934426,22.4
2018-11-24,3199.062,66.208,103.6465573770492,0.0,552.644,99.7032786885246,-0.0915796,90.76,6.134420683983606,22.7
2018-12-01,3138.838,61.218,103.67688524590164,0.0,550.5125,99.69344262295084,0.117221,88.28999999999999,6.060088584032787,22.6
2018-12-08,3170.942,58.65,103.7072131147541,0.0,566.712,99.68360655737705,-0.1249738,88.10999999999999,5.985756484081967,25.76
2018-12-15,3131.796,60.466,103.73754098360656,0.0,567.885,99.67377049180328,0.1394418,86.16,5.911424384131148,26.97
2018-12-22,3077.01,59.510000000000005,103.76786885245902,0.0,558.114,99.66393442622952,0.1796464,87.52000000000001,5.837092284180327,27.02
2018-12-29,3031.166,54.644000000000005,103.79819672131148,0.0,537.262,99.65409836065574,0.6847798,88.36,5.762760184229508,25.66
2019-01-05,2961.945,51.03,103.82852459016394,0.0,526.19,99.64426229508196,0.301802,87.2,5.688428084278689,24.52
2019-01-12,2996.563333333333,54.31,103.8588524590164,0.0,534.77,99.6344262295082,0.0,84.8375,5.614095984327869,26.63
2019-01-19,3060.918,58.636,103.88918032786886,0.0,559.77,99.62459016393444,-0.1407376,82.06,5.539763884377049,25.68
2019-01-26,3080.944,59.83,103.91950819672132,0.0,569.97,99.61475409836066,-0.0300605999999999,82.81,5.4654317844262295,23.55
2019-02-02,3127.91,61.342,103.94983606557378,0.0,581.1875,99.60491803278688,0.1472078,81.57000000000001,5.39109968447541,23.91
2019-02-09,3156.596,61.38,103.98016393442624,0.0,600.226,99.59508196721312,-0.188054,79.08,5.31676758452459,22.04
2019-02-16,3175.874,61.706,104.0104918032787,0.0,608.182,99.58524590163934,0.6909876,75.47,5.24243548457377,20.43
2019-02-23,3196.528,63.36,104.04081967213116,0.0,613.972,99.57540983606556,0.4661882,73.74,5.168103384622951,23.73
2019-03-02,3255.588,66.582,104.07114754098362,0.0,623.4725,99.5655737704918,0.3426482,73.96,5.093771284672132,24.52
2019-03-09,3292.492,64.564,104.10147540983608,0.0,626.766,99.55573770491804,-0.1864774,74.4,5.019439184721311,23.92
2019-03-16,3312.286,64.734,104.13180327868852,0.0,620.664,99.54590163934428,-0.0905506,73.71000000000001,4.945107084770491,21.99
2019-03-23,3331.99,65.714,104.162131147541,0.0,629.756,99.53606557377049,-0.111975,72.02000000000001,4.870774984819672,22.82
2019-03-30,3368.49,67.34400000000001,104.19245901639344,0.0,632.466,99.52622950819672,0.5073884,71.14,4.796442884868853,25.9
2019-04-06,3322.81,67.248,104.22278688524592,0.0,620.074,99.51639344262296,0.049664,68.88,4.722110784918033,27.82
2019-04-13,3421.208,69.53999999999999,104.25311475409836,0.0,636.318,99.50655737704918,-0.0711831999999999,56.45,4.6477786849672125,28.14
2019-04-20,3432.62,71.328,104.28344262295082,0.0,643.28,99.4967213114754,0.1572062,59.5,4.573446585016393,27.09
2019-04-27,3472.695,70.8725,104.31377049180328,0.0,645.05,99.48688524590165,-0.3616046666666666,59.5,4.499114485065574,26.29
2019-05-04,3499.7025,72.93199999999999,104.34409836065574,0.0,647.0899999999999,99.47704918032788,0.3893086,59.42999999999999,4.424782385114754,26.62
2019-05-11,3501.9925,71.586,104.3744262295082,0.0,648.912,99.4672131147541,-0.2523162,59.260000000000005,4.350450285163934,25.96
2019-05-18,3398.626,71.252,104.40475409836066,0.0,642.182,99.45737704918032,-0.58059,59.81,4.2761181852131145,26.44
2019-05-25,3387.028,73.322,104.43508196721312,0.0,633.854,99.44754098360656,-0.3080464,58.760000000000005,4.201786085262295,25.45
2019-06-01,3364.182,70.888,104.46540983606558,0.0,634.7379999999999,99.4377049180328,-0.0193646,57.96,4.127453985311475,25.66
2019-06-08,3321.858,69.28999999999999,104.49573770491804,0.0,637.1324999999999,99.427868852459,0.0743244,56.23,4.053121885360656,26.15
2019-06-15,3338.09,63.146,104.5260655737705,0.0,652.284,99.41803278688523,-0.4198996,51.92999999999999,3.978789785409836,26.42
2019-06-22,3389.355,63.188,104.55639344262296,0.0,663.744,99.40819672131148,-0.3317884,50.96,3.904457685459017,27.5
2019-06-29,3445.16,64.038,104.58672131147542,0.0,672.446,99.3983606557377,-0.2241602,48.93,3.830125585508197,27.67
2019-07-06,3451.79,66.50999999999999,104.61704918032788,0.0,677.3100000000001,99.38852459016394,-0.1009484,49.06,3.755793485557377,30.26
2019-07-13,3523.666,63.84,104.64737704918034,0.0,689.115,99.37868852459016,-0.2009366,53.28,3.681461385606557,30.38
2019-07-20,3505.878,65.978,104.6777049180328,0.0,692.042,99.3688524590164,-0.4589964,57.58,3.6071292856557378,29.75
2019-07-27,3497.634,63.628,104.70803278688524,0.0,691.154,99.35901639344262,-0.0526486,57.7,3.5327971857049176,30.61
2019-08-03,3518.0620000000004,62.8,104.73836065573772,0.0,688.7239999999999,99.34918032786884,0.39333,58.42,3.4584650857540984,29.36
2019-08-10,3463.886,62.586,104.76868852459016,0.0,687.4399999999999,99.33934426229509,0.3674858,58.1,3.3841329858032783,27.15
2019-08-17,3324.34,57.328,104.79901639344264,0.0,686.344,99.3295081967213,-0.0068651999999999,56.41,3.309800885852459,26.24
2019-08-24,3316.8540000000003,58.252,104.82934426229508,0.0,690.934,99.31967213114754,-0.0033358,56.14,3.235468785901639,27.37
2019-08-31,3364.446,59.574,104.85967213114756,0.0,699.13,99.30983606557376,0.1298862,55.36,3.16113668595082,26.05
2019-09-07,3384.556,59.826,104.89,0.0,694.22,99.3,0.5979278,54.82000000000001,3.086804586,27.38
2019-09-14,3456.8,60.228,104.90615384615384,0.0,705.975,99.1076923076923,0.1073447999999999,56.81,3.175784905846154,27.59
2019-09-21,3519.96,62.738,104.9223076923077,0.0,702.146,98.9153846153846,0.2123133999999999,60.24,3.264765225692308,26.34
2019-09-28,3538.358,65.55600000000001,104.93846153846154,0.0,716.984,98.72307692307692,-0.508174,61.3,3.353745545538461,23.91
2019-10-05,3532.022,63.152,104.95461538461538,0.0,709.988,98.53076923076922,-0.2625526,60.54,3.442725865384616,25.36
2019-10-12,3486.93,59.222,104.97076923076924,0.0,690.288,98.33846153846152,-0.1687486,59.83,3.531706185230769,26.8
2019-10-19,3485.9980000000005,59.394000000000005,104.98692307692308,0.0,696.85,98.14615384615384,-0.0349792,60.75,3.620686505076923,25.8
2019-10-26,3584.438,59.322,105.00307692307692,0.0,695.2620000000001,97.95384615384616,0.0308601999999999,60.34,3.709666824923077,26.02
2019-11-02,3611.568,60.748000000000005,105.01923076923076,0.0,696.924,97.76153846153846,0.2574436,59.52,3.798647144769231,25.56
2019-11-09,3619.244,60.226,105.0353846153846,0.0,685.884,97.56923076923076,-0.2385334,56.53,3.887627464615385,24.57
2019-11-16,3687.36,62.39,105.05153846153846,0.0,675.75,97.37692307692308,0.16093,56.35,3.9766077844615375,25.31
2019-11-23,3701.788,62.564,105.0676923076923,0.0,680.918,97.18461538461538,-0.7494419999999999,55.48,4.065588104307692,25.94
2019-11-30,3690.468,63.762,105.08384615384615,0.0,678.738,96.99230769230768,0.1129999999999999,55.53,4.154568424153846,25.68
2019-12-07,3706.828,64.74,105.1,0.0,694.6,96.8,0.1235506,56.53,4.243548744,24.71
2019-12-14,3647.628,64.714,105.07384615384616,0.0,707.2860000000001,96.07692307692308,0.3223728,55.85,4.131723738384616,27.21
2019-12-21,3693.766000000001,66.498,105.0476923076923,0.0,715.726,95.35384615384616,0.354049,53.78,4.019898732769231,27.25
2019-12-28,3754.55,68.902,105.02153846153846,0.0,741.3520000000001,94.63076923076925,-0.3627163999999999,53.46,3.9080737271538464,25.5
2020-01-04,3779.465,68.73,104.9953846153846,0.0,752.535,93.9076923076923,0.22613725,53.5,3.7962487215384617,24.73
2020-01-11,3771.693333333333,68.05,104.96923076923076,0.0,756.2575,93.18461538461538,0.0,52.65,3.684423715923077,25.97
2020-01-18,3773.946,67.92999999999999,104.94307692307692,0.0,761.802,92.46153846153848,-0.4452496,52.66,3.5725987103076924,24.87
2020-01-25,3781.184,64.112,104.91692307692308,0.0,785.052,91.73846153846154,0.6082637999999999,51.8,3.460773704692308,24.31
2020-02-01,3774.79,62.2,104.89076923076924,0.0,794.925,91.01538461538462,0.7078675999999999,50.25,3.348948699076923,23.75
2020-02-08,3693.022,58.572,104.8646153846154,0.0,787.12,90.2923076923077,-0.531264,50.33,3.2371236934615384,24.71
2020-02-15,3755.08,54.59400000000001,104.83846153846154,0.0,811.094,89.56923076923077,-0.026257,48.63,3.125298687846154,26.03
2020-02-22,3832.232,55.328,104.8123076923077,0.0,844.76,88.84615384615385,-0.416688,48.89,3.013473682230769,24.02
2020-02-29,3835.67,58.614,104.78615384615384,0.0,894.635,88.12307692307692,0.3360426,49.25,2.901648676615385,23.83
2020-03-07,3516.7160000000003,54.092,104.76,0.0,833.482,87.4,-0.4368877999999999,47.74,2.789823671,22.38
2020-03-14,3345.402,50.702,104.73685714285716,0.0,826.716,87.74571428571429,-0.2436624,47.260000000000005,2.8467860788,16.84
2020-03-21,2781.18,33.724000000000004,104.71371428571427,0.0,681.986,88.09142857142858,0.1866702,46.33,2.9037484866,17.11
2020-03-28,2473.8540000000003,25.654000000000003,104.69057142857145,0.0,570.3,88.43714285714286,-0.1651737999999999,47.16,2.9607108944,18.73
2020-04-04,2715.4440000000004,23.962,104.66742857142856,0.0,598.022,88.78285714285715,-0.3505008,48.77,3.0176733022,21.86
2020-04-11,2716.86,18.716,104.64428571428572,0.0,599.412,89.12857142857143,-0.3636844,48.34,3.07463571,22.48
2020-04-18,2849.425,22.5325,104.62114285714286,0.0,646.5274999999999,89.47428571428571,0.0475449999999999,46.6875,3.1315981178000003,21.53
2020-04-25,2856.6475,19.995,104.598,0.0,664.366,89.82000000000001,-0.0839364,45.73,3.1885605256000003,19.8
2020-05-02,2839.454,14.236,104.57485714285714,0.0,653.266,90.16571428571427,-0.6713739999999999,44.43,3.2455229334,20.17
2020-05-09,2934.54,17.046,104.5517142857143,0.0,679.304,90.51142857142858,-0.4279342,39.18,3.3024853412,19.96
2020-05-16,2864.972,23.5725,104.52857142857144,0.0,682.512,90.85714285714286,-0.3848468,39.760000000000005,3.359447749,22.19
2020-05-23,2821.886,28.182,104.50542857142858,0.0,697.65,91.20285714285714,0.3424146,39.36,3.4164101568,22.18
2020-05-30,2913.46,33.94,104.48228571428572,0.0,725.048,91.54857142857144,-0.3694428,38.78,3.4733725646,24.02
2020-06-06,3033.264,33.7025,104.45914285714288,0.0,749.99,91.89428571428572,-0.110418,39.39,3.5303349724000004,22.78
2020-06-13,3268.6425,38.37,104.436,0.0,782.696,92.24,-0.1439516,46.02,3.5872973802,24.92
2020-06-20,3255.804,39.518,104.41285714285716,0.0,791.732,92.58571428571427,0.0050118,45.07000000000001,3.644259788,25.46
2020-06-27,3233.0620000000004,40.948,104.38971428571428,0.0,783.922,92.93142857142855,0.3168498,44.82,3.7012221958,28.64
2020-07-04,3231.944,41.694,104.36657142857143,0.0,786.784,93.27714285714286,-0.3691726,46.08,3.7581846036,29.78
2020-07-11,3261.802,42.302,104.34342857142856,0.0,803.5375,93.62285714285714,-0.1071891999999999,50.36,3.8151470114,28.76
2020-07-18,3303.014,43.06,104.32028571428572,0.0,861.53,93.96857142857144,-0.0258718,49.87,3.8721094192,27.27
2020-07-25,3356.11,43.404,104.29714285714286,0.0,886.656,94.31428571428572,0.0853867999999999,48.94,3.929071827,27.22
2020-08-01,3369.416,43.568,104.274,0.0,930.062,94.66,0.067579,49.5,3.9860342348,27.32
2020-08-08,3257.816,43.224,104.25085714285714,0.0,924.094,95.00571428571428,-0.428154,50.13,4.0429966426,26.36
2020-08-15,3252.798,44.356,104.22771428571428,0.0,982.616,95.35142857142856,-0.348712,51.12,4.0999590504,26.48
2020-08-22,3320.582,44.538,104.20457142857144,0.0,1020.472,95.69714285714286,-0.3869504,49.86,4.1569214582,30.38
2020-08-29,3289.368,44.792,104.18142857142855,0.0,1041.112,96.04285714285714,0.3007898,49.09,4.213883866,28.13
2020-09-05,3332.958,45.258,104.15828571428573,0.0,1073.192,96.38857142857142,-0.2856785999999999,49.55,4.2708462738,28.99
2020-09-12,3290.534,43.06,104.13514285714288,0.0,1075.394,96.73428571428572,-0.0213762,52.0,4.3278086816000005,28.68
2020-09-19,3306.97,39.45,104.112,0.0,1034.76,97.08,0.1894012,51.36,4.3847710894,26.75
2020-09-26,3317.63,40.77,104.08885714285717,0.0,1071.678,97.42571428571428,0.4886397999999999,51.86,4.4417334972,27.59
2020-10-03,3160.378,40.89,104.0657142857143,0.0,1058.926,97.77142857142856,0.4023994,52.91,4.498695905,26.24
2020-10-10,3203.224,39.994,104.04257142857143,0.0,1172.572,98.11714285714284,-0.3050878,57.04,4.5556583128,25.4
2020-10-17,3243.166,41.06,104.01942857142858,0.0,1319.444,98.46285714285716,-0.074595,57.67,4.6126207206,25.98
2020-10-24,3257.75,41.32000000000001,103.99628571428572,0.0,1336.666,98.80857142857144,0.2301508,56.75,4.6695831284,24.19
2020-10-31,3204.27,40.998000000000005,103.97314285714286,0.0,1308.572,99.15428571428572,-0.717346,56.83,4.7265455362,25.85
2020-11-07,3011.5260000000003,37.906,103.95,0.0,1253.7220000000002,99.5,-0.7268100000000001,55.53,4.783507944,26.68
2020-11-14,3139.788,38.636,104.16846153846154,0.0,1305.286,99.48461538461538,0.1294582,51.0,5.052623871495188,27.15
2020-11-21,3435.62,41.87,104.38692307692308,0.0,1372.466,99.46923076923078,0.5663168,51.05,5.321739798990374,28.59
2020-11-28,3467.286,43.008,104.60538461538462,0.0,1387.828,99.45384615384616,-0.4095174,,5.590855726485562,30.57
2020-12-05,3504.3300000000004,46.426,104.82384615384616,0.0,1461.35,99.43846153846154,-0.066609,,5.8599716539807485,30.98
2020-12-12,3519.094,47.828,105.04230769230767,0.0,1475.958,99.42307692307692,0.185529,,6.129087581475936,31.36
2020-12-19,3518.624,49.324,105.26076923076924,0.0,1491.106,99.40769230769232,-0.65376,64.10000000000001,6.398203508971124,32.41
2020-12-26,3535.014,51.048,105.47923076923075,0.0,1595.334,99.3923076923077,0.3569994,65.69,6.66731943646631,32.94
2021-01-02,3495.143333333333,50.605,105.69769230769232,0.0,1732.435,99.37692307692308,-0.4162525,66.08749999999999,6.936435363961497,35.14
2021-01-09,3576.123333333333,50.82,105.91615384615385,0.0,1779.9675,99.36153846153846,0.0264684999999999,69.0,7.205551291456684,31.96
2021-01-16,3598.1580000000004,53.30799999999999,106.1346153846154,0.0,1967.954,99.34615384615384,0.3315,66.71000000000001,7.474667218951872,34.45
2021-01-23,3618.036,55.38,106.35307692307693,0.0,2030.878,99.33076923076923,0.350974,69.53,7.743783146447059,33.18
2021-01-30,3608.578,55.23,106.57153846153848,0.0,2039.6925,99.31538461538462,-0.0162957999999999,67.46000000000001,8.012899073942247,38.43
2021-02-06,3544.166,55.178,106.79,0.0,1979.318,99.3,0.3010316,68.0,8.282015001437433,40.28
2021-02-13,3605.79,58.222,107.00846153846156,0.0,1969.69,99.2846153846154,0.637551,65.24,8.55113092893262,37.7
2021-02-20,3668.46,61.128,107.22692307692309,0.0,1979.418,99.26923076923076,0.2576964,67.84,8.820246856427808,37.6
2021-02-27,3710.99,63.898,107.4453846153846,0.0,1852.0525,99.25384615384615,0.1000519999999999,65.55,9.089362783922994,39.36
2021-03-06,3683.332,65.85799999999999,107.66384615384617,0.0,1677.452,99.23846153846154,0.3636254,65.72,9.358478711418185,43.19
2021-03-13,3700.302,65.94,107.88230769230768,0.0,1581.3960000000002,99.22307692307692,0.4615474,65.54,9.627594638913369,42.31
2021-03-20,3809.642,68.154,108.10076923076925,0.0,1549.694,99.20769230769233,0.6559801999999999,65.83,9.896710566408556,42.09
2021-03-27,3847.02,66.114,108.31923076923076,0.0,1537.544,99.1923076923077,0.2950912,67.35,10.165826493903744,42.81
2021-04-03,3838.532,62.50600000000001,108.53769230769232,0.0,1467.358,99.17692307692307,-0.2432891999999999,68.97999999999999,10.43494242139893,44.03
2021-04-10,3918.56,63.6775,108.75615384615384,0.0,1497.6525,99.16153846153848,0.083238,70.2125,10.704058348894115,44.8
2021-04-17,3970.965,61.8275,108.9746153846154,0.0,1495.7220000000002,99.14615384615384,0.0863985999999999,68.81,10.973174276389305,47.38
2021-04-24,3986.318,64.686,109.19307692307692,0.0,1484.868,99.13076923076925,0.205292,69.63,11.242290203884492,49.31
2021-05-01,3992.984,65.34400000000001,109.41153846153846,0.0,1501.354,99.1153846153846,-0.4357582,71.62,11.51140613137968,50.93
2021-05-08,4003.882,66.964,109.63,0.0,1523.6,99.1,0.1954777999999999,72.92999999999999,11.780522058874864,57.23
2021-05-15,3992.306,68.9925,109.84846153846154,0.0,1405.126,99.0846153846154,0.3080866,80.25,12.049637986370051,52.43
2021-05-22,3977.346,68.732,110.06692307692308,0.0,1346.672,99.06923076923076,0.3349078,85.11,12.31875391386524,51.58
2021-05-29,3994.922,67.482,110.2853846153846,0.0,1399.1,99.05384615384617,0.1608614,84.61,12.587869841360426,50.47
2021-06-05,4044.37,69.022,110.50384615384615,0.0,1442.864,99.03846153846156,0.6298414,85.67999999999999,12.856985768855614,53.07
2021-06-12,4073.666,70.66,110.7223076923077,0.0,1425.6075,99.02307692307691,-0.209448,98.4875,13.1261016963508,52.26
2021-06-19,4102.656,71.458,110.94076923076923,0.0,1427.654,99.00769230769232,0.1199168,108.0,13.395217623845989,55.48
2021-06-26,4133.892,73.10999999999999,111.15923076923076,0.0,1445.436,98.99230769230768,-0.1227207999999999,108.11,13.664333551341176,57.76
2021-07-03,4110.897999999999,75.40599999999999,111.37769230769231,0.0,1457.946,98.97692307692309,-0.0002652,109.2,13.933449478836364,54.67
2021-07-10,4084.984,76.26,111.59615384615384,0.0,1502.608,98.96153846153848,0.2501326,118.96,14.20256540633155,53.28
2021-07-17,4055.664,76.134,111.81461538461538,0.0,1492.0225,98.94615384615383,-0.3494828,125.6,14.471681333826735,51.26
2021-07-24,4075.92,75.8,112.03307692307692,0.0,1452.722,98.93076923076924,0.4491568,130.82,14.740797261321925,53.69
2021-07-31,4015.94,72.202,112.25153846153846,0.0,1428.524,98.91538461538462,0.1481752,132.4,15.009913188817112,57.02
2021-08-07,4095.304,75.75399999999999,112.47,0.0,1436.1799999999998,98.9,0.3419401999999999,133.78,15.2790291163123,55.74
2021-08-14,4143.018,72.25999999999999,113.38076923076925,0.0,1464.11,98.9897435897436,0.350388,141.38,15.591468534652895,54.72
2021-08-21,4205.465999999999,71.09400000000001,114.29153846153848,0.0,1463.812,99.0794871794872,0.1893762,147.81,15.903907952993489,59.32
2021-08-28,4172.094,68.078,115.2023076923077,0.0,1426.372,99.16923076923078,0.0489611999999999,148.42000000000002,16.216347371334084,61.63
2021-09-04,4179.294,71.01599999999999,116.11307692307692,0.0,1467.754,99.25897435897436,0.2816434,148.74,16.52878678967468,61.22
2021-09-11,4211.312,73.0175,117.02384615384616,0.0,1496.942,99.34871794871796,0.15635,159.3375,16.841226208015275,59.82
2021-09-18,4199.15,72.014,117.93461538461538,0.0,1462.3675,99.43846153846154,-0.12447,169.15,17.15366562635587,63.29
2021-09-25,4165.57,74.128,118.84538461538462,0.0,1439.962,99.52820512820512,0.0564778,169.54000000000002,17.466105044696462,62.45
2021-10-02,4128.952,75.32000000000001,119.75615384615384,0.0,1419.894,99.61794871794872,0.306689,175.01,17.778544463037058,58.76
2021-10-09,4077.58,78.444,120.66692307692308,0.0,1393.29,99.70769230769233,-0.2314625999999999,212.85,18.090983881377653,59.79
2021-10-16,4049.224,82.012,121.5776923076923,0.0,1355.136,99.7974358974359,-0.7616080000000001,244.4,18.40342329971825,58.64
2021-10-23,4108.572,83.86800000000001,122.48846153846154,0.0,1424.534,99.8871794871795,0.3309152,242.66,18.715862718058844,59.08
2021-10-30,4166.987999999999,84.98400000000001,123.39923076923075,0.0,1496.052,99.97692307692309,-0.714456,233.1,19.02830213639944,59.73
2021-11-06,4223.518,84.116,124.31,0.0,1558.286,100.06666666666668,0.2967349999999999,216.0,19.340741554740035,63.58
2021-11-13,4316.536,82.522,125.22076923076924,0.0,1583.002,100.15641025641028,-0.386108,144.3,19.65318097308063,69.65
2021-11-20,4354.861999999999,83.39,126.13153846153848,0.0,1572.248,100.24615384615385,-0.0133718,146.52,19.965620391421226,73.12
2021-11-27,4385.732,81.63,127.0423076923077,0.0,1566.854,100.33589743589744,-0.1607486,142.62,20.278059809761817,78.64
2021-12-04,4256.316,80.238,127.95307692307692,0.0,1519.985,100.42564102564104,0.3049478,147.62,20.590499228102413,84.37
2021-12-11,4107.978,71.0,128.86384615384617,0.0,1462.306,100.51538461538462,0.3094666,121.39,20.90293864644301,74.02
2021-12-18,4210.772,74.788,129.7746153846154,0.0,1431.768,100.6051282051282,-0.0118178,131.13,21.215378064783604,76.31
2021-12-25,4170.09,73.762,130.68538461538463,0.0,1371.42,100.6948717948718,0.3817742,142.53,21.5278174831242,80.65
2022-01-01,4191.26,73.91,131.59615384615384,0.0,1340.68,100.7846153846154,-0.1083548,144.94,21.84025690146479,85.42
2022-01-08,4297.702499999999,78.16,132.50692307692307,0.0,1349.736,100.87435897435898,0.2818132,134.01,22.152696319805383,82.08
2022-01-15,4344.446,80.502,133.4176923076923,0.0,1303.186,100.96410256410256,-0.3655874,134.22,22.46513573814598,84.47
2022-01-22,4285.108,85.06800000000001,134.32846153846154,0.0,1252.436,101.05384615384617,0.5202746,143.29000000000002,22.777575156486577,89.22
2022-01-29,4271.482,89.15799999999999,135.23923076923077,0.0,1205.0975,101.14358974358974,-0.3855264,160.32,23.090014574827173,96.45
2022-02-05,4123.820000000001,90.124,136.15,0.0,1140.684,101.23333333333332,0.639377,168.45,23.402453993167768,92.87
2022-02-12,4169.74,92.774,137.06076923076924,0.0,1179.802,101.32307692307693,-0.569682,178.1,23.714893411508363,89.47
2022-02-19,4161.24,96.434,137.97153846153847,0.0,1175.602,101.41282051282052,-0.0837547999999999,186.8,24.02733282984896,88.14
2022-02-26,4106.57,97.798,138.8823076923077,0.0,1173.324,101.50256410256412,0.3474427999999999,185.56,24.33977224818956,65.1
2022-03-05,3948.914,99.364,139.79307692307694,0.0,1168.8875,101.5923076923077,0.6204122,194.98,24.65221166653015,76.76
2022-03-12,3761.692,114.434,140.70384615384617,0.0,1279.538,101.68205128205128,0.353089,358.4,24.96465108487074,78.89
2022-03-19,3624.34,122.28600000000002,141.61461538461538,0.0,1328.234,101.77179487179488,-0.0356833999999999,402.73,25.277090503211337,78.6
2022-03-26,3831.332,109.592,142.5253846153846,0.0,1314.5120000000002,101.86153846153849,-0.1069913999999999,329.12,25.58952992155193,78.49
2022-04-02,3881.652,123.598,143.43615384615384,0.0,1346.238,101.95128205128204,0.4664802,313.09000000000003,25.901969339892524,80.09
2022-04-09,3933.924,111.26,144.34692307692308,0.0,1367.262,102.04102564102564,0.058876,269.75,26.21440875823312,79.97
2022-04-16,3870.808,103.33,145.2576923076923,0.0,1387.3380000000002,102.13076923076925,-0.4026189999999999,283.69,26.526848176573715,88.99
2022-04-23,3836.9325,105.415,146.16846153846154,0.0,1334.505,102.22051282051282,-0.3122266666666666,315.975,26.83928759491431,84.45
2022-04-30,3873.9025,105.7225,147.07923076923078,0.0,1298.814,102.3102564102564,-0.4463882,325.18,27.151727013254902,91.54
2022-05-07,3758.694,103.92,147.99,0.0,1215.04,102.4,0.021629,311.43,27.4641664315955,88.48
2022-05-14,3708.884,110.36,148.69628571428572,0.0,1217.9,102.39714285714288,0.2360254,298.98,27.24765273156977,80.39
2022-05-21,3609.276,107.432,149.40257142857143,0.0,1101.04,102.39428571428572,-0.2560944,317.5,27.031139031544043,84.2
2022-05-28,3683.034000000001,112.928,150.10885714285715,0.0,1166.182,102.39142857142858,-0.0003338,330.7,26.814625331518315,86.87
2022-06-04,3716.444,117.662,150.81514285714286,0.0,1231.94,102.38857142857144,0.0020127999999999,323.13,26.598111631492586,81.86
2022-06-11,3793.832,124.105,151.52142857142857,0.0,1276.8375,102.38571428571429,0.365475,323.89,26.381597931466857,82.37
2022-06-18,3751.548,127.398,152.22771428571428,0.0,1297.85,102.38285714285716,0.267904,326.06,26.165084231441128,83.43
2022-06-25,3475.274,125.084,152.934,0.0,1175.298,102.38,-0.0465714,327.65,25.9485705314154,85.58
2022-07-02,3479.586,116.832,153.6402857142857,0.0,1227.9725,102.37714285714286,0.3413104,350.71,25.73205683138968,82.79
2022-07-09,3501.132,120.338,154.34657142857145,0.0,1226.784,102.37428571428572,0.2811224,368.45,25.515543131363945,85.38
2022-07-16,3445.828,113.636,155.05285714285716,0.0,1241.61,102.37142857142858,-0.7051879999999999,382.93,25.299029431338216,76.3
2022-07-23,3457.304,109.8,155.75914285714288,0.0,1226.436,102.36857142857144,0.3645254,392.03,25.082515731312487,78.55
2022-07-30,3575.5080000000003,113.534,156.4654285714286,0.0,1250.5700000000002,102.36571428571428,0.2071398,375.66,24.86600203128676,84.76
2022-08-06,3629.52,109.276,157.1717142857143,0.3571428571428571,1323.858,102.36285714285717,-0.0365836,385.22,24.64948833126103,88.87
2022-08-13,3720.756,102.544,157.878,0.5,1418.868,102.36,-0.3733146,345.94,24.4329746312353,98.01
2022-08-20,3751.16,104.644,158.58428571428573,0.5,1479.564,102.35714285714286,0.3650142,337.05,24.21646093120957,90.31
2022-08-27,3771.72,96.726,159.29057142857144,0.5,1482.056,102.35428571428572,0.1912164,361.59,23.99994723118384,77.89
2022-09-03,3651.284,98.872,159.99685714285715,0.5,1445.494,102.35142857142856,-0.0538996,374.02,23.78343353115812,66.08
2022-09-10,3530.1520000000005,95.305,160.70314285714286,0.5,1408.942,102.34857142857145,0.3871648,370.81,23.566919831132388,73.27
2022-09-17,3514.932,90.43,161.40942857142858,0.5,1441.49,102.34571428571428,0.3005384,355.2625,23.35040613110666,65.77
2022-09-24,3568.49,91.406,162.1157142857143,1.0357142857142858,1443.862,102.34285714285714,-0.0469312,333.84000000000003,23.13389243108093,66.73
2022-10-01,3446.838,88.5425,162.822,1.25,1351.65,102.34,0.1123172,326.52,22.9173787310552,69.85
2022-10-08,3320.75,87.276,163.52828571428572,1.25,1245.988,102.33714285714284,-0.3472478,324.63,22.70086503102948,68.02
2022-10-15,3416.656,94.66,164.23457142857143,1.25,1239.666,102.33428571428573,0.0395885999999999,288.13,22.484351331003744,68.72
2022-10-22,3354.578,94.624,164.94085714285714,1.25,1148.66,102.33142857142856,0.012134,270.89,22.26783763097801,81.21
2022-10-29,3469.238,91.036,165.64714285714285,1.25,1145.29,102.32857142857142,-0.2671784,269.1,22.05132393095229,76.36
2022-11-05,3587.242,93.014,166.3534285714286,1.25,1183.606,102.32571428571428,-0.1086539999999999,263.31,21.83481023092656,75.84
2022-11-12,3634.416,95.862,167.0597142857143,1.7857142857142858,1210.866,102.32285714285716,0.3165144,222.17,21.618296530900828,72.47
2022-11-19,3778.234,96.078,167.76600000000002,2.0,1261.664,102.32,0.6265752,192.48,21.4017828308751,78.97
2022-11-26,3897.728,92.086,168.47228571428573,2.0,1309.73,102.31714285714284,-0.0501796,200.83,21.18526913084937,87.98
2022-12-03,3942.004,86.396,169.17857142857144,2.0,1318.685,102.31428571428572,0.3684987999999999,219.67,20.96875543082364,87.73
2022-12-10,3959.414,85.03,169.88485714285716,2.0,1327.676,102.31142857142856,-0.3988504,264.2,20.75224173079792,83.68
2022-12-17,3936.102,78.556,170.59114285714287,2.0,1321.808,102.30857142857144,0.3969796,261.92,20.535728030772187,86.85
2022-12-24,3904.726,80.80199999999999,171.29742857142858,2.0,1333.85,102.30571428571427,0.37062,242.41,20.31921433074646,79.4
2022-12-31,3825.236,80.678,172.0037142857143,2.357142857142857,1294.542,102.30285714285714,-0.0914872499999999,229.43,20.10270063072073,75.55
2023-01-07,3821.35,81.82666666666667,172.71,2.5,1266.735,102.3,-0.1137638,217.2625,19.886186930695,77.2
2023-01-14,3937.932,77.2025,172.33641025641026,2.5,1256.7125,102.18205128205128,0.3213966,181.31,19.71958836348854,82.6
2023-01-21,4100.664,80.60600000000001,171.9628205128205,2.5,1323.528,102.06410256410255,-0.0242952,170.28,19.552989796282084,86.94
2023-01-28,4143.969999999999,84.57000000000001,171.58923076923077,2.5,1336.1025,101.94615384615383,0.3139482,172.49,19.386391229075624,90.9
2023-02-04,4160.788,85.904,171.21564102564102,2.5,1321.4540000000002,101.82820512820513,-0.023031,163.31,19.219792661869164,90.44
2023-02-11,4198.523999999999,81.87,170.8420512820513,2.5,1319.02,101.7102564102564,0.6787122,138.62,19.053194094662707,93.33
2023-02-18,4214.397999999999,83.298,170.46846153846155,2.857142857142857,1278.508,101.59230769230768,0.2897224,132.98,18.886595527456247,94.79
2023-02-25,4266.464,84.172,170.0948717948718,3.0,1263.568,101.47435897435898,-0.3882919999999999,135.2,18.719996960249787,89.27
2023-03-04,4240.288,81.774,169.72128205128206,3.0,1227.1925,101.35641025641026,0.5913856,141.35,18.553398393043327,96.83
2023-03-11,4247.505999999999,83.604,169.3476923076923,3.0,1239.052,101.23846153846154,0.3148228,142.20999999999998,18.38679982583687,85.57
2023-03-18,4279.368,82.85799999999999,168.97410256410257,3.0,1254.652,101.1205128205128,0.3380612,126.52,18.22020125863041,85.4
2023-03-25,4098.58,74.978,168.60051282051282,3.0,1211.584,101.00256410256412,-0.2918032,138.03,18.05360269142395,91.75
2023-04-01,4166.896,74.244,168.22692307692307,3.357142857142857,1198.058,100.8846153846154,0.6554984,136.31,17.887004124217494,96.75
2023-04-08,4232.914,78.00399999999999,167.85333333333332,3.5,1223.496,100.76666666666668,0.0947135999999999,137.6,17.720405557011034,94.11
2023-04-15,4308.545,85.99000000000001,167.47974358974358,3.5,1232.7475,100.64871794871794,0.2883423333333333,141.7875,17.553806989804574,89.86
2023-04-22,4355.327499999999,87.3625,167.10615384615386,3.5,1244.544,100.53076923076922,0.6839156,133.73,17.387208422598114,87.65
2023-04-29,4389.715999999999,84.62,166.7325641025641,3.5,1262.78,100.41282051282052,-0.0809526,137.79000000000002,17.220609855391658,84.96
2023-05-06,4368.944,81.396,166.35897435897436,3.5,1217.458,100.2948717948718,-0.0856261999999999,139.06,17.054011288185198,88.93
2023-05-13,4308.1225,74.61749999999999,165.98538461538462,3.5,1169.402,100.17692307692307,-0.0149191999999999,131.29000000000002,16.887412720978737,89.43
2023-05-20,4321.226000000001,76.08,165.61179487179487,3.678571428571429,1185.456,100.05897435897435,-0.3685268,122.63,16.72081415377228,83.13
2023-05-27,4343.58,75.752,165.23820512820512,3.75,1200.212,99.94102564102565,0.386669,117.95,16.55421558656582,78.52
2023-06-03,4319.778,76.482,164.86461538461538,3.75,1185.544,99.82307692307693,0.6191594,114.8,16.38761701935936,86.14
2023-06-10,4282.152,73.885,164.49102564102563,3.75,1178.9975,99.7051282051282,-0.023888,96.45,16.221018452152904,91.92
2023-06-17,4293.568,76.05999999999999,164.11743589743588,3.75,1185.586,99.58717948717948,0.3778528,111.26,16.054419884946444,87.55
2023-06-24,4359.992,74.388,163.74384615384616,3.75,1197.494,99.46923076923078,0.5943698,116.01,15.887821317739984,89.57
2023-07-01,4320.87,75.25800000000001,163.37025641025642,3.928571428571429,1161.38,99.35128205128206,0.318019,115.55,15.721222750533526,86.15
2023-07-08,4336.872,73.55,162.99666666666667,4.0,1152.126,99.23333333333332,0.4437336,116.91,15.554624183327068,86.35
2023-07-15,4319.908,76.596,162.62307692307692,4.0,1152.4975,99.1153846153846,0.3315072,120.39,15.388025616120608,91.82
2023-07-22,4339.08,79.786,162.24948717948718,4.0,1179.958,98.99743589743588,0.347097,105.74,15.221427048914148,88.7
2023-07-29,4370.788,79.47999999999999,161.87589743589743,4.0,1205.092,98.8794871794872,-0.262439,108.24,15.05482848170769,83.41
2023-08-05,4406.884,83.548,161.50230769230768,4.0,1179.748,98.76153846153846,0.6990565999999999,110.19,14.888229914501231,86.8
2023-08-12,4370.578,85.628,161.1287179487179,4.178571428571429,1122.684,98.64358974358974,-0.3247248,106.29,14.721631347294773,88.05
2023-08-19,4329.81,87.83,160.7551282051282,4.25,1084.352,98.52564102564102,0.3197105999999999,115.37,14.555032780088313,85.25
2023-08-26,4268.77,85.866,160.38153846153844,4.25,1037.786,98.40769230769232,-0.0256878,116.19,14.388434212881856,85.64
2023-09-02,4244.076,84.714,160.0079487179487,4.25,1016.128,98.2897435897436,-0.2863856,119.28,14.221835645675394,81.62
2023-09-09,4303.044,87.565,159.63435897435895,4.25,1029.432,98.17179487179487,-0.3405859999999999,121.1,14.055237078468936,82.1
2023-09-16,4249.1,91.294,159.26076923076923,4.25,991.3175,98.05384615384617,-0.408335,117.33,13.888638511262478,85.3
2023-09-23,4258.976000000001,93.868,158.88717948717948,4.25,993.662,97.93589743589745,-0.0378952,120.1,13.722039944056018,81.45
2023-09-30,4236.861999999999,94.862,158.51358974358973,4.428571428571429,978.66,97.81794871794872,0.157368,122.4,13.555441376849558,80.62
2023-10-07,4152.89,95.614,158.14,4.5,936.304,97.7,0.5409552,124.15,13.3888428096431,85.66
2023-10-14,4115.462,90.328,158.211875,4.5,878.9639999999999,97.67291666666668,0.6372896,121.57,13.354717167715798,81.67
2023-10-21,4170.589999999999,90.476,158.28375,4.5,901.412,97.64583333333334,0.0385324,131.98,13.320591525788496,79.36
2023-10-28,4104.61,92.468,158.35562499999995,4.5,884.644,97.61875,0.3159056,138.13,13.286465883861194,77.2
2023-11-04,4048.846,89.84,158.42749999999998,4.5,843.51,97.59166666666668,-0.325864,135.25,13.252340241933892,78.5
2023-11-11,4105.088000000001,88.208,158.499375,4.5,833.3340000000001,97.56458333333332,-0.0537611999999999,124.65,13.21821460000659,76.23
2023-11-18,4183.411999999999,83.52000000000001,158.57125,4.5,843.93,97.5375,0.0135217999999999,123.52,13.184088958079286,76.46
2023-11-25,4296.532,81.928,158.643125,4.5,873.1659999999999,97.51041666666669,0.2479032,123.23,13.149963316151984,72.45
2023-12-02,4351.95,81.62,158.71499999999995,4.5,890.0775,97.48333333333332,0.5960288,122.26,13.115837674224682,68.62
2023-12-09,4374.7880000000005,80.914,158.78687499999998,4.5,895.692,97.45625,-0.2504824,117.05,13.08171203229738,67.57
2023-12-16,4469.612,75.982,158.85875,4.5,908.87,97.42916666666667,0.3352804,120.45,13.047586390370078,76.94
2023-12-23,4539.118,75.578,158.930625,4.5,923.526,97.40208333333334,-0.4291416,118.45,13.013460748442776,77.98
2023-12-30,4527.336,80.154,159.0025,4.5,972.094,97.375,0.0566399999999999,116.16,12.979335106515476,73.97
2024-01-06,4521.47,79.23333333333333,159.074375,4.5,999.7525,97.34791666666668,-0.0422289999999999,114.1375,12.945209464588173,63.8
2024-01-13,4474.615,76.88,159.14624999999998,4.5,964.14,97.32083333333334,0.1275634,110.85,12.91108382266087,63.42
2024-01-20,4468.786,78.4,159.218125,4.5,945.56,97.29375,0.7061788,109.75,12.876958180733569,63.1
2024-01-27,4441.2300000000005,80.108,159.29,4.5,884.9075,97.26666666666668,-0.0974497999999999,107.08,12.842832538806269,63.5
2024-02-03,4545.614,82.312,159.361875,4.5,892.1600000000001,97.23958333333334,-0.3846446,103.2,12.808706896878965,58.8
2024-02-10,4648.722,82.57000000000001,159.43375,4.5,895.894,97.2125,0.660107,97.15,12.774581254951665,57.11
2024-02-17,4690.328,81.506,159.50562499999998,4.5,899.982,97.18541666666668,0.0255985999999999,97.8,12.74045561302436,52.51
2024-02-24,4730.734,84.44399999999999,159.5775,4.5,926.188,97.15833333333332,0.4227726,94.27,12.706329971097055,56.31
2024-03-02,4805.318,85.018,159.649375,4.5,896.4375,97.13125,-0.748348,94.66,12.672204329169755,58.5
2024-03-09,4881.286,84.256,159.72125,4.5,885.6600000000001,97.10416666666669,0.2904764,102.96,12.638078687242452,59.38
2024-03-16,4931.361999999999,85.63199999999999,159.793125,4.5,901.766,97.07708333333332,-0.2746931999999999,111.59,12.603953045315151,61.5
2024-03-23,4978.662,84.52000000000001,159.865,4.5,881.856,97.05,0.3460548,110.49,12.56982740338785,61.93
2024-03-30,5014.89,85.878,159.936875,4.5,869.122,97.02291666666667,-0.3975921999999999,112.56,12.535701761460547,61.01
2024-04-06,5068.3825,85.8,160.00875,4.5,879.705,96.99583333333334,-0.214329,115.2125,12.501576119533246,71.64
2024-04-13,5049.1900000000005,90.34,160.080625,4.5,882.6719999999999,96.96875,-0.3766468,118.78,12.467450477605944,68.52
2024-04-20,4991.894,92.008,160.1525,4.5,885.394,96.94166666666668,-0.0589705999999999,119.32,12.433324835678642,67.51
2024-04-27,4934.052,89.59400000000001,160.224375,4.5,840.068,96.91458333333334,-0.0568788,120.58,12.39919919375134,71.84
2024-05-04,4976.152,88.532,160.29625,4.5,841.176,96.8875,-0.0537968,116.11,12.365073551824036,71.59
2024-05-11,4928.6,85.726,160.368125,4.5,858.3459999999999,96.86041666666668,0.2978691999999999,105.27,12.330947909896736,70.52
2024-05-18,5030.144,82.94749999999999,160.44,4.5,884.668,96.83333333333334,-0.0284615999999999,107.85,12.296822267969432,75.78
2024-05-25,5079.348,81.61,160.511875,4.5,899.4380000000001,96.80625,-0.0473017999999999,105.55,12.26269662604213,74.07
2024-06-01,5043.902,80.24,160.58375,4.5,924.812,96.77916666666668,0.2919878,105.59,12.228570984114828,71.42
2024-06-08,5003.719999999999,80.9175,160.655625,4.5,951.7475,96.75208333333332,0.3713878,107.62,12.194445342187526,68.53
2024-06-15,5022.594,76.586,160.7275,4.5,947.254,96.725,0.6695146,113.17,12.160319700260224,68.05
2024-06-22,4958.128,80.638,160.799375,4.321428571428571,939.684,96.69791666666669,0.3582788,109.61,12.126194058332922,67.36
2024-06-29,4907.273999999999,85.04400000000001,160.87125,4.25,899.785,96.67083333333332,0.659259,109.57,12.09206841640562,70.35
2024-07-06,4919.902,86.71600000000001,160.943125,4.25,879.872,96.64375,0.0300594,107.8,12.05794277447832,69.35
2024-07-13,4953.798,88.02000000000001,161.015,4.25,859.8,96.61666666666667,0.0154209999999999,104.41,12.023817132551017,66.0
2024-07-20,4970.292,86.804,161.086875,4.25,891.308,96.58958333333334,0.3522778,103.19,11.989691490623716,67.87
2024-07-27,4903.951999999999,86.046,161.15875,4.25,884.9559999999999,96.5625,-0.4087868,105.42,11.955565848696413,70.58
2024-08-03,4869.978,82.51599999999999,161.230625,4.25,887.768,96.53541666666668,-0.0257036,107.39,11.921440206769107,70.14
2024-08-10,4786.75,80.262,161.3025,4.25,893.124,96.50833333333334,0.6177492,117.91,11.887314564841809,72.52
2024-08-17,4631.780000000001,78.84400000000001,161.374375,4.25,874.9879999999999,96.48125,0.3054724,120.94,11.853188922914503,71.13
2024-08-24,4748.5380000000005,82.474,161.44625,4.25,897.0040000000001,96.45416666666668,0.1888126,121.81,11.819063280987203,70.3
2024-08-31,4881.694,79.57000000000001,161.518125,4.25,908.738,96.42708333333334,-0.0914034,121.25,11.7849376390599,66.5
2024-09-07,4926.55,80.825,161.59,4.25,912.626,96.4,0.2849238,120.99,11.7508119971326,64.99
2024-09-14,4857.396,75.248,161.79615384615386,4.25,895.9200000000001,96.3846153846154,-0.0823438,115.88,11.905134151199322,63.39
2024-09-21,4789.502,72.102,162.0023076923077,4.25,899.992,96.36923076923075,0.3525204,113.79,12.059456305266046,66.33
2024-09-28,4867.726000000001,74.984,162.2084615384615,3.821428571428572,924.62,96.35384615384616,0.3543938,114.03,12.213778459332769,62.05
2024-10-05,4968.644,74.066,162.4146153846154,3.65,927.1,96.33846153846154,-0.7140340000000001,115.52,12.368100613399491,64.62
2024-10-12,4958.832,75.88,162.62076923076924,3.65,913.562,96.32307692307693,0.700459,118.41,12.522422767466216,62.28
2024-10-19,4975.108,79.342,162.8269230769231,3.65,881.2540000000001,96.3076923076923,0.3550092,119.98,12.676744921532938,66.97
2024-10-26,4966.004,74.584,163.03307692307692,3.65,860.0219999999999,96.2923076923077,-0.3012574,119.17,12.83106707559966,63.87
2024-11-02,4936.3240000000005,74.69000000000001,163.23923076923077,3.4714285714285715,842.4039999999999,96.27692307692308,0.31233,119.47,12.985389229666383,68.02
2024-11-09,4902.196,72.61,163.44538461538465,3.4,835.9860000000001,96.26153846153846,0.3244164,120.03,13.139711383733108,68.01
2024-11-16,4835.556,75.632,163.65153846153848,3.4,820.186,96.24615384615385,-0.0529476,118.56,13.29403353779983,69.27
2024-11-23,4793.487999999999,72.89,163.8576923076923,3.4,772.12,96.23076923076924,-0.0194126,121.26,13.448355691866553,69.12
2024-11-30,4763.236,74.838,164.06384615384616,3.4,767.926,96.21538461538462,-0.3298485999999999,122.45,13.602677845933275,69.0
2024-12-07,4771.611999999999,74.164,164.27,3.4,784.6275,96.2,0.1751048,121.06,13.757,65.11
2024-12-14,4914.724,73.97,164.27,3.4,778.6360000000001,96.2,0.2971858,115.56,13.757,66.85
2024-12-21,4966.005999999999,74.032,164.27,3.4,771.2280000000001,96.2,0.2246159999999999,113.36,13.757,70.15
2024-12-28,4917.634,73.794,164.27,3.2214285714285715,744.208,96.2,-0.3529446,111.56,13.757,74.45
2025-01-04,4875.905000000001,73.13,164.27,3.15,743.6925,96.2,0.482847,112.41666666666669,13.757,73.34
2025-01-11,4886.203333333334,75.42,164.27,3.15,738.6325,96.2,-0.0663524999999999,113.4875,13.757,77.6
2025-01-18,4998.004,78.136,164.27,3.15,742.34,96.2,0.0516756,107.65,13.757,79.95
2025-01-25,5044.444,82.79400000000001,164.27,3.15,723.688,96.2,0.2799906,107.11,13.757,82.19
2025-02-01,5194.62,79.916,164.27,3.15,715.3325,96.2,0.3304622,109.83,13.757,80.65
2025-02-08,5236.780000000001,77.372,164.27,3.15,718.508,96.2,0.7530082,109.96,13.757,78.12
2025-02-15,5287.13,75.4,164.27,2.9714285714285715,726.354,,0.5312514,106.45,13.757,72.37
2025-02-22,5429.752,76.012,164.27,2.9,716.0559999999999,,0.2488483999999999,102.78,13.757,69.56
2025-03-01,5490.144,76.088,164.27,2.9,729.7425000000001,,0.3062606,100.31,13.757,67.21
2025-03-08,5473.15,74.252,164.27,2.9,727.78,,0.3460712,98.51,13.757,70.06
2025-03-15,5481.2,71.92999999999999,,2.9,715.972,,-0.0387619999999999,96.53,,70.51
2025-03-22,5357.773999999999,71.542,,2.7214285714285715,734.628,,0.1274701999999999,98.58,,67.91
2025-03-29,5462.536,72.21000000000001,,2.65,752.028,,-0.3657604,97.47,,63.08
2025-04-05,5403.008,74.35,,2.65,738.954,,0.2801447999999999,98.23,,64.08
2025-04-12,5172.846,74.636,,2.65,733.208,,0.3712685,102.92,,65.12
