date,label,sentiment
2015-01-01,7.01,0.0
2015-01-04,6.9,0.0
2015-01-05,6.77,0.525762
2015-01-06,6.78,0.0
2015-01-07,6.81,0.0
2015-01-08,6.71,0.0
2015-01-11,6.71,0.0
2015-01-12,7.29,0.0
2015-01-13,7.16,-0.9579
2015-01-14,7.12,-0.94949
2015-01-15,7.13,-0.90174
2015-01-18,7.21,0.0
2015-01-19,7.16,0.0
2015-01-20,7.32,0.0
2015-01-21,6.76,0.0
2015-01-22,6.8,-0.97064
2015-01-25,6.85,0.0
2015-01-26,6.84,0.0
2015-01-27,6.95,0.0
2015-01-28,7.06,0.0
2015-01-29,7.08,0.870293
2015-02-01,7.13,0.0
2015-02-02,7.06,0.915439
2015-02-03,6.93,-0.97617
2015-02-04,7.0,0.0
2015-02-05,6.95,-0.92425
2015-02-08,6.91,0.0
2015-02-09,7.1,0.828252
2015-02-10,7.23,0.585718
2015-02-11,7.39,-0.82541
2015-02-12,7.63,0.885324
2015-02-15,7.65,0.0
2015-02-16,7.47,-0.66454
2015-02-17,7.49,0.0
2015-02-18,7.34,0.0
2015-02-19,7.32,0.0
2015-02-22,7.7,0.0
2015-02-23,7.47,0.560641
2015-02-24,7.39,-0.95069
2015-02-25,7.06,0.0
2015-02-26,7.1,-0.90491
2015-03-01,6.95,0.0
2015-03-02,6.73,0.0
2015-03-03,7.02,0.935088
2015-03-04,6.75,-0.81427
2015-03-05,6.8,0.710665
2015-03-08,6.68,0.0
2015-03-09,6.82,0.750726
2015-03-10,6.76,0.0
2015-03-11,6.41,0.90577
2015-03-12,6.46,0.817468
2015-03-15,6.49,0.0
2015-03-16,6.73,0.0
2015-03-17,6.74,-0.913
2015-03-18,6.67,0.490135
2015-03-19,7.04,0.902251
2015-03-22,7.04,0.861054
2015-03-23,7.03,-0.95794
2015-03-24,6.97,0.898312
2015-03-25,6.95,0.0
2015-03-26,6.76,0.0
2015-03-29,6.88,0.0
2015-03-30,6.92,-0.93984
2015-03-31,7.14,0.0
2015-04-01,7.15,-0.91749
2015-04-05,7.15,0.0
2015-04-06,7.11,0.0
2015-04-07,7.12,0.615327
2015-04-08,7.01,0.0
2015-04-09,6.94,0.0
2015-04-12,6.8,0.0
2015-04-13,6.8,0.0
2015-04-14,6.85,0.0
2015-04-15,6.87,-0.447
2015-04-16,6.84,0.0
2015-04-19,7.13,0.0
2015-04-20,7.08,0.0
2015-04-21,7.09,0.868889
2015-04-22,7.25,0.0
2015-04-23,7.28,0.0
2015-04-26,7.15,0.0
2015-04-27,7.35,0.0
2015-04-28,7.46,0.73714
2015-04-29,7.39,-0.791
2015-04-30,7.48,-0.97479
2015-05-03,7.58,0.0
2015-05-04,7.55,0.0
2015-05-05,7.53,0.934514
2015-05-06,7.43,-0.88285
2015-05-07,7.53,0.0
2015-05-10,7.62,0.0
2015-05-11,7.59,0.949903
2015-05-12,7.64,0.0
2015-05-13,7.55,-0.84867
2015-05-14,7.59,0.0
2015-05-17,7.6,0.0
2015-05-18,7.37,0.0
2015-05-19,7.35,0.0
2015-05-20,7.3,0.0
2015-05-21,7.3,0.0
2015-05-24,7.36,0.0
2015-05-25,7.22,0.0
2015-05-26,7.17,0.0
2015-05-27,7.18,0.0
2015-05-28,7.32,0.0
2015-05-31,7.24,0.0
2015-06-01,7.44,0.63542
2015-06-02,7.48,0.0
2015-06-03,7.39,0.0
2015-06-04,7.4,0.0
2015-06-07,7.44,0.0
2015-06-08,7.56,0.0
2015-06-09,7.58,0.610317
2015-06-10,7.5,0.831568
2015-06-11,7.61,-0.43581
2015-06-14,7.51,0.0
2015-06-15,7.41,0.0
2015-06-16,7.46,-0.54105
2015-06-17,7.45,0.580973
2015-06-18,7.41,0.743948
2015-06-21,7.46,0.0
2015-06-22,7.48,0.0
2015-06-23,7.48,0.801972
2015-06-24,7.58,0.0
2015-06-25,7.52,0.0
2015-06-28,7.33,0.0
2015-06-29,7.42,0.0
2015-06-30,7.47,0.703854
2015-07-01,7.43,0.483707
2015-07-02,7.42,0.0
2015-07-05,7.36,0.0
2015-07-06,7.44,0.764372
2015-07-07,7.43,0.909258
2015-07-08,7.46,0.0
2015-07-09,7.59,0.0
2015-07-12,7.77,0.0
2015-07-13,7.71,-0.73668
2015-07-14,7.74,-0.78784
2015-07-15,7.64,0.0
2015-07-16,7.72,0.733411
2015-07-19,7.96,0.0
2015-07-20,7.94,-0.75311
2015-07-21,7.94,0.837024
2015-07-22,8.05,0.834784
2015-07-23,7.98,0.0
2015-07-26,8.0,0.0
2015-07-27,8.0,0.605557
2015-07-28,8.04,0.377135
2015-07-29,7.86,-0.85326
2015-07-30,7.85,0.74625
2015-08-02,7.93,0.0
2015-08-03,7.88,0.926365
2015-08-04,7.81,0.567695
2015-08-05,7.82,0.0
2015-08-06,7.76,0.0
2015-08-09,7.9,0.0
2015-08-10,8.07,0.0
2015-08-11,8.17,-0.95407
2015-08-12,8.17,0.0
2015-08-13,8.3,0.0
2015-08-16,8.22,0.0
2015-08-17,8.25,0.0
2015-08-18,8.32,-0.95162
2015-08-19,8.34,0.0
2015-08-20,8.18,-0.93672
2015-08-23,8.15,0.0
2015-08-24,8.23,0.597829
2015-08-25,8.08,0.0
2015-08-26,8.03,0.0
2015-08-27,8.09,0.870591
2015-08-30,8.05,0.0
2015-08-31,7.99,0.0
2015-09-01,8.1,-0.7841
2015-09-02,8.15,0.0
2015-09-03,8.07,0.0
2015-09-06,8.06,0.0
2015-09-07,8.22,0.687431
2015-09-08,8.25,0.0
2015-09-09,8.26,0.0
2015-09-10,8.24,0.0
2015-09-13,8.21,0.0
2015-09-14,8.15,0.0
2015-09-15,8.21,0.0
2015-09-16,8.21,0.0
2015-09-17,8.09,-0.63465
2015-09-20,7.96,0.0
2015-09-21,8.0,0.0
2015-09-22,8.05,0.0
2015-09-23,7.99,0.0
2015-09-24,7.98,0.0
2015-09-27,7.9,0.0
2015-09-28,7.96,-0.69184
2015-09-29,8.13,0.0
2015-09-30,8.15,0.708575
2015-10-01,8.13,0.0
2015-10-04,8.19,0.0
2015-10-05,8.2,-0.95053
2015-10-06,8.09,0.854072
2015-10-07,8.11,0.813454
2015-10-08,8.33,0.56775
2015-10-11,8.28,0.0
2015-10-12,8.32,0.0
2015-10-13,8.42,0.844526
2015-10-14,8.41,0.0
2015-10-15,8.38,0.0
2015-10-18,8.34,0.0
2015-10-19,8.46,0.940922
2015-10-20,8.44,0.0
2015-10-21,8.47,0.905377
2015-10-22,8.62,0.761249
2015-10-25,8.65,0.0
2015-10-26,8.6,0.649198
2015-10-27,8.56,-0.90662
2015-10-28,8.67,0.76789
2015-10-29,8.63,0.809485
2015-11-01,8.59,0.0
2015-11-02,8.44,0.0
2015-11-03,8.39,-0.53066
2015-11-04,8.46,0.856559
2015-11-05,8.4,-0.97275
2015-11-08,8.31,0.0
2015-11-09,8.44,0.0
2015-11-10,8.44,0.0
2015-11-11,8.37,0.0
2015-11-12,8.39,0.476724
2015-11-15,8.53,0.0
2015-11-16,8.61,0.0
2015-11-17,8.58,0.0
2015-11-18,8.63,-0.87205
2015-11-19,8.51,-0.94224
2015-11-22,8.56,0.0
2015-11-23,8.65,0.760014
2015-11-24,8.62,-0.71662
2015-11-25,8.58,-0.93038
2015-11-26,8.58,0.0
2015-11-29,8.58,0.0
2015-11-30,8.56,0.775582
2015-12-01,8.48,0.911346
2015-12-02,8.59,0.0
2015-12-03,8.52,-0.87264
2015-12-06,8.41,0.0
2015-12-07,8.41,0.0
2015-12-08,8.4,-0.92313
2015-12-09,8.36,0.629125
2015-12-10,8.07,0.0
2015-12-13,8.07,0.0
2015-12-14,8.19,-0.94432
2015-12-15,8.13,-0.97338
2015-12-16,8.07,-0.51216
2015-12-17,8.06,0.0
2015-12-20,8.19,0.0
2015-12-21,8.25,-0.94448
2015-12-22,8.22,0.0
2015-12-23,8.19,0.0
2015-12-27,8.31,0.0
2015-12-28,8.27,0.0
2015-12-29,8.21,-0.61267
2015-12-30,8.22,0.0
2016-01-03,8.04,-0.79943
2016-01-04,7.99,0.0
2016-01-05,7.74,0.0
2016-01-06,7.54,0.0
2016-01-07,7.41,-0.87525
2016-01-10,7.12,0.0
2016-01-11,7.1,0.0
2016-01-12,7.24,0.0
2016-01-13,7.08,0.787318
2016-01-14,6.67,0.0
2016-01-17,6.71,0.675136
2016-01-18,6.81,0.0
2016-01-19,6.31,-0.81953
2016-01-20,6.17,0.699773
2016-01-21,6.32,-0.48701
2016-01-24,5.87,0.0
2016-01-25,6.07,0.0
2016-01-26,5.9,0.791214
2016-01-27,6.06,0.0
2016-01-28,6.04,0.595757
2016-01-31,5.68,0.0
2016-02-01,5.81,0.0
2016-02-02,5.61,-0.95718
2016-02-03,5.6,0.0
2016-02-04,5.54,-0.93847
2016-02-07,5.23,0.0
2016-02-08,4.95,-0.9637
2016-02-09,4.87,-0.49701
2016-02-10,4.73,0.0
2016-02-11,5.05,0.920681
2016-02-14,4.79,0.0
2016-02-15,4.67,-0.75134
2016-02-16,5.07,-0.92522
2016-02-17,5.24,0.553491
2016-02-18,5.15,0.92627
2016-02-21,5.4,0.0
2016-02-22,4.89,0.0
2016-02-23,4.85,0.0
2016-02-24,5.06,0.612859
2016-02-25,4.98,0.751986
2016-02-28,4.99,0.0
2016-02-29,4.99,0.0
2016-03-01,4.95,0.0
2016-03-02,4.88,-0.85731
2016-03-03,4.92,0.55327
2016-03-06,5.09,0.0
2016-03-07,5.01,-0.55879
2016-03-08,5.07,-0.77389
2016-03-09,4.9,0.0
2016-03-10,4.98,-0.8579
2016-03-13,4.85,0.0
2016-03-14,4.85,-0.84466
2016-03-15,4.95,-0.63516
2016-03-16,4.99,0.50732
2016-03-17,4.93,-0.96835
2016-03-20,4.86,0.0
2016-03-21,4.81,-0.72498
2016-03-22,4.79,0.640174
2016-03-23,4.84,0.765186
2016-03-28,4.77,0.0
2016-03-29,4.95,0.903469
2016-03-30,5.2,0.0
2016-03-31,5.16,0.0
2016-04-03,5.32,0.0
2016-04-04,5.23,0.0
2016-04-05,5.3,0.0
2016-04-06,5.27,0.0
2016-04-07,5.41,0.0
2016-04-10,5.57,0.0
2016-04-11,5.58,-0.76748
2016-04-12,5.53,0.0
2016-04-13,5.6,0.389868
2016-04-14,5.47,0.747194
2016-04-17,5.46,0.0
2016-04-18,5.56,-0.94174
2016-04-19,5.54,-0.93961
2016-04-20,5.74,0.0
2016-04-21,5.96,0.823682
2016-04-24,5.89,0.0
2016-04-25,6.61,0.875052
2016-04-26,6.83,0.0
2016-04-27,6.33,0.0
2016-04-28,6.17,0.0
2016-05-01,6.1,0.0
2016-05-02,5.98,-0.97543
2016-05-03,6.12,0.884184
2016-05-04,6.19,-0.93029
2016-05-05,5.85,-0.82343
2016-05-08,5.69,0.0
2016-05-09,5.89,-0.93268
2016-05-10,6.01,-0.75302
2016-05-11,5.8,0.94678
2016-05-12,5.84,0.938473
2016-05-15,6.1,0.0
2016-05-16,6.04,0.680756
2016-05-17,6.05,-0.97059
2016-05-18,5.98,0.861181
2016-05-19,5.95,-0.84685
2016-05-22,5.72,0.0
2016-05-23,5.78,-0.89872
2016-05-24,5.85,-0.9747
2016-05-25,6.01,-0.97397
2016-05-26,6.02,-0.95897
2016-05-29,6.1,0.0
2016-05-30,6.08,-0.68044
2016-05-31,5.95,0.0
2016-06-01,6.01,-0.60013
2016-06-02,5.93,-0.95536
2016-06-05,6.19,0.0
2016-06-06,6.1,0.868586
2016-06-07,6.09,0.0
2016-06-08,6.1,0.0
2016-06-09,5.94,-0.85126
2016-06-12,5.84,0.0
2016-06-13,5.84,0.927246
2016-06-14,5.89,-0.91959
2016-06-15,5.7,-0.95951
2016-06-16,5.66,0.929497
2016-06-19,5.84,0.0
2016-06-20,5.54,0.0
2016-06-21,5.67,0.522514
2016-06-22,5.63,-0.82638
2016-06-23,4.95,0.0
2016-06-26,4.76,0.0
2016-06-27,4.68,0.858992
2016-06-28,4.51,-0.70126
2016-06-29,4.46,-0.88072
2016-06-30,4.61,0.773298
2016-07-03,4.96,0.0
2016-07-04,4.7,-0.81534
2016-07-05,4.58,0.949036
2016-07-06,4.57,0.562578
2016-07-07,4.53,-0.8933
2016-07-10,4.42,0.0
2016-07-11,4.62,0.937614
2016-07-12,4.78,-0.97201
2016-07-13,4.77,0.925007
2016-07-14,4.92,0.870819
2016-07-17,4.84,0.0
2016-07-18,4.66,0.0
2016-07-19,4.68,0.713166
2016-07-20,4.64,0.557714
2016-07-21,4.55,0.0
2016-07-24,4.58,0.0
2016-07-25,4.5,-0.97253
2016-07-26,4.52,-0.97672
2016-07-27,4.47,-0.81725
2016-07-28,4.41,0.952807
2016-07-31,4.37,0.0
2016-08-01,4.4,0.0
2016-08-02,4.62,-0.47954
2016-08-03,4.68,-0.97359
2016-08-04,4.72,-0.89416
2016-08-07,4.94,0.0
2016-08-08,4.87,-0.73377
2016-08-09,4.76,-0.93296
2016-08-10,4.87,-0.96151
2016-08-11,4.89,-0.62087
2016-08-14,4.8,0.0
2016-08-15,4.69,-0.9669
2016-08-16,4.48,-0.97293
2016-08-17,4.68,-0.96993
2016-08-18,4.76,0.800147
2016-08-21,4.89,0.0
2016-08-22,4.7,0.0
2016-08-23,4.6,-0.76508
2016-08-24,4.7,0.918872
2016-08-25,4.69,-0.9673
2016-08-28,4.69,0.0
2016-08-29,4.54,-0.95353
2016-08-30,4.46,-0.95957
2016-08-31,4.37,-0.92048
2016-09-01,4.08,-0.96825
2016-09-04,3.93,0.0
2016-09-05,4.13,0.0
2016-09-06,4.01,0.951856
2016-09-07,4.08,-0.97139
2016-09-08,4.08,0.744502
2016-09-11,4.03,0.0
2016-09-12,4.02,-0.87073
2016-09-13,3.98,0.72183
2016-09-14,4.14,0.769438
2016-09-15,4.36,0.699844
2016-09-18,4.4,0.0
2016-09-19,4.16,-0.82969
2016-09-20,4.21,-0.9735
2016-09-21,4.42,-0.95701
2016-09-22,4.54,0.606219
2016-09-25,4.62,0.0
2016-09-26,4.43,-0.87658
2016-09-27,4.95,-0.92372
2016-09-28,5.02,0.829616
2016-09-29,4.96,-0.56457
2016-10-02,5.31,0.0
2016-10-03,5.21,0.792674
2016-10-04,5.48,0.945567
2016-10-05,5.86,0.766171
2016-10-06,5.69,-0.94596
2016-10-09,5.66,0.0
2016-10-10,5.43,0.91444
2016-10-11,5.52,-0.90738
2016-10-12,5.65,0.561337
2016-10-13,5.81,-0.73253
2016-10-16,5.87,0.0
2016-10-17,5.95,0.668315
2016-10-18,5.67,-0.97381
2016-10-19,5.58,0.63196
2016-10-20,5.89,0.612867
2016-10-23,5.81,0.0
2016-10-24,5.81,0.493111
2016-10-25,5.94,0.575858
2016-10-26,5.81,0.0
2016-10-27,5.88,0.894026
2016-10-30,5.9,0.0
2016-10-31,6.03,0.0
2016-11-01,6.24,-0.74658
2016-11-02,6.5,0.882698
2016-11-03,6.41,0.519209
2016-11-06,6.23,0.0
2016-11-07,6.15,-0.96574
2016-11-08,6.13,0.712496
2016-11-09,5.92,0.539922
2016-11-10,5.67,-0.83713
2016-11-13,5.41,0.0
2016-11-14,5.74,0.936498
2016-11-15,5.55,0.0
2016-11-16,5.9,-0.71221
2016-11-17,5.58,0.906976
2016-11-20,5.48,0.0
2016-11-21,5.51,0.722792
2016-11-22,5.39,0.729724
2016-11-23,5.34,0.941143
2016-11-24,5.0,-0.97348
2016-11-27,4.74,0.0
2016-11-28,4.56,-0.94269
2016-11-29,4.58,0.931786
2016-11-30,4.46,0.0
2016-12-01,4.3,0.951619
2016-12-04,4.37,0.0
2016-12-05,4.5,0.0
2016-12-06,4.3,-0.69594
2016-12-07,4.61,-0.97547
2016-12-08,4.46,0.0
2016-12-11,4.87,0.0
2016-12-12,4.79,0.530755
2016-12-13,5.01,0.0
2016-12-14,4.84,-0.7845
2016-12-15,4.93,0.950313
2016-12-18,5.09,0.0
2016-12-19,5.23,0.0
2016-12-20,5.8,0.873282
2016-12-21,6.07,0.699031
2016-12-22,6.22,-0.95404
2016-12-26,6.32,0.0
2016-12-27,6.32,0.0
2016-12-28,6.34,0.945104
2016-12-29,6.54,-0.95168
2017-01-01,6.11,0.0
2017-01-02,5.41,0.88656
2017-01-03,5.7,-0.80513
2017-01-04,5.27,-0.79724
2017-01-05,5.03,-0.97419
2017-01-08,5.25,0.0
2017-01-09,5.49,-0.95875
2017-01-10,5.51,0.945134
2017-01-11,5.03,0.0
2017-01-12,5.03,0.461918
2017-01-15,4.69,0.0
2017-01-16,4.99,-0.96609
2017-01-17,4.83,0.949279
2017-01-18,5.19,0.929657
2017-01-19,5.42,0.871197
2017-01-22,5.31,0.0
2017-01-23,5.07,-0.9704
2017-01-24,4.97,0.948737
2017-01-25,5.19,0.928159
2017-01-26,4.91,0.835083
2017-01-29,5.34,0.0
2017-01-30,5.69,0.519147
2017-01-31,5.61,-0.92957
2017-02-01,5.56,0.952729
2017-02-02,5.49,0.867407
2017-02-05,5.43,0.0
2017-02-06,5.5,-0.97616
2017-02-07,5.55,0.947122
2017-02-08,5.62,-0.96489
2017-02-09,5.45,0.0
2017-02-12,5.24,0.0
2017-02-13,5.48,0.855249
2017-02-14,5.42,0.568449
2017-02-15,5.28,-0.87888
2017-02-16,5.31,0.953281
2017-02-19,5.43,0.0
2017-02-20,5.39,0.79381
2017-02-21,5.41,0.585189
2017-02-22,5.7,0.664367
2017-02-23,5.73,-0.91937
2017-02-26,5.53,0.0
2017-02-27,5.57,0.625411
2017-02-28,6.26,0.879975
2017-03-01,5.81,-0.96776
2017-03-02,5.94,-0.97385
2017-03-05,5.83,0.0
2017-03-06,5.72,0.942041
2017-03-07,5.58,-0.70338
2017-03-08,5.46,0.534246
2017-03-09,5.51,-0.95119
2017-03-12,5.5,0.0
2017-03-13,5.45,0.911081
2017-03-14,5.54,0.549838
2017-03-15,5.49,-0.63031
2017-03-16,5.48,0.434079
2017-03-19,5.33,0.0
2017-03-20,5.28,0.924876
2017-03-21,5.31,0.939521
2017-03-22,5.32,-0.88899
2017-03-23,5.11,0.809573
2017-03-26,4.97,0.0
2017-03-27,5.08,-0.83991
2017-03-28,5.11,0.685768
2017-03-29,5.27,0.866437
2017-03-30,5.04,-0.94405
2017-04-02,5.21,0.0
2017-04-03,4.98,-0.68986
2017-04-04,5.18,-0.91148
2017-04-05,5.43,0.914112
2017-04-06,5.25,-0.89241
2017-04-09,5.15,0.0
2017-04-10,5.24,-0.82229
2017-04-11,5.31,-0.74142
2017-04-12,5.32,0.648281
2017-04-17,5.24,0.753708
2017-04-18,5.22,-0.79761
2017-04-19,5.12,-0.96319
2017-04-20,4.94,0.707153
2017-04-23,5.02,0.0
2017-04-24,4.87,0.910393
2017-04-25,4.98,0.665072
2017-04-26,4.93,0.933605
2017-04-27,4.94,-0.84672
2017-04-30,4.57,0.0
2017-05-01,4.81,0.855607
2017-05-02,4.77,0.899325
2017-05-03,4.87,-0.96884
2017-05-04,4.94,0.0
2017-05-07,4.79,0.0
2017-05-08,4.89,0.943452
2017-05-09,4.82,0.773839
2017-05-10,4.72,-0.68374
2017-05-11,4.83,-0.96132
2017-05-14,4.76,0.0
2017-05-15,4.91,-0.90578
2017-05-16,4.95,0.675369
2017-05-17,5.13,0.856112
2017-05-18,5.22,-0.50644
2017-05-21,5.29,0.0
2017-05-22,5.13,-0.93732
2017-05-23,5.3,-0.74909
2017-05-24,5.37,0.0
2017-05-25,5.58,-0.87658
2017-05-28,5.57,0.0
2017-05-29,5.53,-0.96285
2017-05-30,5.35,-0.95092
2017-05-31,5.45,0.578757
2017-06-01,5.54,0.566019
2017-06-04,5.55,0.0
2017-06-05,5.35,0.612459
2017-06-06,5.26,0.800987
2017-06-07,5.43,0.650182
2017-06-08,5.42,0.74902
2017-06-11,5.3,0.0
2017-06-12,5.4,0.847202
2017-06-13,5.32,-0.9763
2017-06-14,5.33,0.875429
2017-06-15,5.26,0.601999
2017-06-18,5.31,0.0
2017-06-19,5.35,0.589419
2017-06-20,5.26,-0.73955
2017-06-21,5.25,-0.96885
2017-06-22,5.25,0.894354
2017-06-25,5.16,0.0
2017-06-26,5.33,0.906547
2017-06-27,5.33,0.708403
2017-06-28,5.46,-0.56203
2017-06-29,5.42,-0.79188
2017-07-02,5.53,0.0
2017-07-03,5.51,-0.72663
2017-07-04,5.43,0.0
2017-07-05,5.63,0.887768
2017-07-06,5.74,-0.6529
2017-07-09,5.8,0.0
2017-07-10,5.73,0.905132
2017-07-11,5.88,0.867602
2017-07-12,5.76,-0.87169
2017-07-13,5.82,0.951261
2017-07-16,5.82,0.0
2017-07-17,5.85,0.729394
2017-07-18,5.84,0.694533
2017-07-19,5.75,0.859319
2017-07-20,5.6,0.0
2017-07-23,5.64,0.0
2017-07-24,5.67,0.0
2017-07-25,5.76,0.577235
2017-07-26,5.65,-0.96287
2017-07-27,5.69,-0.84265
2017-07-30,5.73,0.0
2017-07-31,5.8,-0.92114
2017-08-01,5.93,0.0
2017-08-02,5.94,-0.76921
2017-08-03,5.86,0.845117
2017-08-06,5.77,0.0
2017-08-07,5.77,0.76884
2017-08-08,5.92,-0.95867
2017-08-09,5.96,-0.44879
2017-08-10,5.99,-0.78669
2017-08-13,6.12,0.0
2017-08-14,6.13,0.940937
2017-08-15,6.39,-0.78772
2017-08-16,6.41,-0.3868
2017-08-17,6.41,0.0
2017-08-20,6.34,0.0
2017-08-21,6.37,0.937446
2017-08-22,6.54,-0.77745
2017-08-23,6.55,0.899172
2017-08-24,6.69,0.943615
2017-08-27,6.7,0.0
2017-08-28,6.64,0.0
2017-08-29,6.62,-0.45598
2017-08-30,6.54,0.660153
2017-08-31,6.43,-0.84515
2017-09-03,6.51,0.0
2017-09-04,7.0,-0.96882
2017-09-05,7.19,0.526483
2017-09-06,7.4,0.890384
2017-09-07,7.56,-0.97532
2017-09-10,7.37,0.0
2017-09-11,7.36,0.655039
2017-09-12,7.6,0.0
2017-09-13,7.6,0.769337
2017-09-14,7.44,0.0
2017-09-17,7.22,0.0
2017-09-18,7.52,0.952774
2017-09-19,7.4,0.883707
2017-09-20,7.05,0.93328
2017-09-21,7.14,0.824079
2017-09-24,7.78,0.0
2017-09-25,7.51,0.659179
2017-09-26,7.46,0.783441
2017-09-27,7.48,0.949177
2017-09-28,7.59,0.538958
2017-10-01,7.46,0.0
2017-10-02,7.52,-0.9556
2017-10-03,7.44,0.0
2017-10-04,7.42,0.849741
2017-10-05,7.52,0.880323
2017-10-08,7.48,0.0
2017-10-09,7.87,-0.90287
2017-10-10,7.85,0.856052
2017-10-11,7.87,0.559953
2017-10-12,7.78,0.953754
2017-10-15,7.78,0.0
2017-10-16,7.84,-0.74655
2017-10-17,8.24,0.950963
2017-10-18,8.08,-0.97192
2017-10-19,8.0,-0.96877
2017-10-22,7.87,0.0
2017-10-23,7.91,0.833251
2017-10-24,7.84,0.861219
2017-10-25,7.64,0.786442
2017-10-26,7.61,0.644485
2017-10-29,7.58,0.0
2017-10-30,7.81,-0.93545
2017-10-31,7.95,0.0
2017-11-01,8.1,0.591025
2017-11-02,8.32,-0.76437
2017-11-05,8.36,0.0
2017-11-06,8.22,-0.50747
2017-11-07,8.18,0.801569
2017-11-08,8.01,0.92382
2017-11-09,7.86,0.697573
2017-11-12,7.81,0.0
2017-11-13,7.85,-0.96841
2017-11-14,8.15,-0.93565
2017-11-15,7.95,-0.83186
2017-11-16,7.93,0.0
2017-11-19,7.9,0.0
2017-11-20,7.85,0.892072
2017-11-21,7.83,-0.48633
2017-11-22,8.12,0.647083
2017-11-23,8.21,0.0
2017-11-26,8.15,0.0
2017-11-27,8.04,0.875311
2017-11-28,8.14,0.515016
2017-11-29,7.97,0.950284
2017-11-30,8.13,0.678018
2017-12-03,8.0,0.0
2017-12-04,7.87,0.796347
2017-12-05,7.72,0.0
2017-12-06,7.79,-0.94012
2017-12-07,7.58,0.640111
2017-12-10,7.64,0.0
2017-12-11,7.61,-0.75629
2017-12-12,7.55,-0.94988
2017-12-13,7.56,0.892037
2017-12-14,7.65,0.947452
2017-12-17,7.86,0.0
2017-12-18,7.97,0.0
2017-12-19,8.24,-0.81414
2017-12-20,8.45,0.899733
2017-12-21,8.62,0.955132
2017-12-26,8.6,0.0
2017-12-27,8.64,-0.9657
2017-12-28,8.6,0.55572
2018-01-01,8.22,0.0
2018-01-02,8.24,0.848015
2018-01-03,8.18,-0.75421
2018-01-04,8.19,-0.81828
2018-01-07,8.07,0.0
2018-01-08,8.19,-0.94928
2018-01-09,8.28,0.901347
2018-01-10,8.21,-0.92124
2018-01-11,8.26,0.654872
2018-01-14,8.2,0.0
2018-01-15,8.45,0.874362
2018-01-16,8.58,0.82123
2018-01-17,8.89,0.0
2018-01-18,9.25,0.758169
2018-01-21,9.31,0.0
2018-01-22,9.57,0.0
2018-01-23,10.02,0.0
2018-01-24,9.82,0.906519
2018-01-25,9.67,-0.86214
2018-01-28,9.58,0.0
2018-01-29,9.46,0.927872
2018-01-30,9.85,-0.37012
2018-01-31,9.85,0.918065
2018-02-01,9.53,0.953564
2018-02-04,9.63,0.0
2018-02-05,9.36,-0.97373
2018-02-06,9.56,0.0
2018-02-07,9.69,0.0
2018-02-08,9.79,0.0
2018-02-11,10.05,0.0
2018-02-12,10.52,-0.87961
2018-02-13,10.22,0.0
2018-02-14,10.16,0.945028
2018-02-15,10.13,0.925766
2018-02-18,10.5,0.0
2018-02-19,10.34,0.75194
2018-02-20,10.18,0.873095
2018-02-21,10.34,0.758389
2018-02-22,10.43,0.87966
2018-02-25,10.25,0.0
2018-02-26,10.77,0.644665
2018-02-27,10.73,0.56377
2018-02-28,10.62,-0.95761
2018-03-01,10.77,-0.7214
2018-03-04,10.99,0.0
2018-03-05,11.1,0.668092
2018-03-06,11.27,-0.74217
2018-03-07,11.75,0.79181
2018-03-08,11.79,0.927395
2018-03-11,11.76,0.0
2018-03-12,12.11,-0.60291
2018-03-13,11.79,0.704205
2018-03-14,11.74,0.0
2018-03-15,11.73,0.550686
2018-03-18,11.62,0.0
2018-03-19,12.11,0.951435
2018-03-20,13.27,0.0
2018-03-21,12.96,-0.96788
2018-03-22,13.23,-0.9627
2018-03-25,13.61,0.0
2018-03-26,14.38,-0.97316
2018-03-27,13.75,0.0
2018-03-28,14.04,-0.9385
2018-04-02,14.06,0.696746
2018-04-03,13.83,0.626151
2018-04-04,13.41,-0.9655
2018-04-05,13.76,0.839214
2018-04-08,14.11,0.0
2018-04-09,14.16,0.701048
2018-04-10,14.24,-0.91625
2018-04-11,14.44,-0.93818
2018-04-12,14.84,-0.94976
2018-04-15,14.92,0.0
2018-04-16,14.68,0.810748
2018-04-17,14.84,-0.73428
2018-04-18,14.42,0.624879
2018-04-19,14.02,0.505838
2018-04-22,13.87,0.0
2018-04-23,14.22,0.738886
2018-04-24,14.26,0.0
2018-04-25,14.51,0.914399
2018-04-26,14.58,-0.46357
2018-04-29,14.6,0.0
2018-04-30,14.41,0.613417
2018-05-01,14.08,0.0
2018-05-02,13.98,0.0
2018-05-03,14.04,0.0
2018-05-06,14.65,0.0
2018-05-07,14.63,-0.69439
2018-05-08,15.05,-0.50422
2018-05-09,15.66,0.852313
2018-05-10,15.68,0.512662
2018-05-13,15.7,0.0
2018-05-14,15.38,0.95218
2018-05-15,16.25,0.836098
2018-05-16,16.39,-0.95625
2018-05-17,16.38,0.933422
2018-05-20,16.68,0.0
2018-05-21,17.08,0.0
2018-05-22,17.15,-0.63576
2018-05-23,17.45,0.918012
2018-05-24,17.17,-0.87961
2018-05-27,17.47,0.0
2018-05-28,17.47,-0.60526
2018-05-29,17.02,0.649439
2018-05-30,16.16,0.737549
2018-05-31,16.55,0.0
2018-06-03,17.42,0.0
2018-06-04,17.11,0.892006
2018-06-05,17.31,-0.95486
2018-06-06,17.37,0.0
2018-06-07,17.2,-0.90692
2018-06-10,16.96,0.0
2018-06-11,16.61,0.0
2018-06-12,16.77,0.646691
2018-06-13,16.34,-0.95913
2018-06-14,15.98,-0.96478
2018-06-17,16.05,0.0
2018-06-18,15.69,-0.96077
2018-06-19,15.98,-0.95469
2018-06-20,16.31,-0.81769
2018-06-21,16.61,-0.89527
2018-06-24,16.54,0.0
2018-06-25,16.55,0.609116
2018-06-26,16.78,-0.81868
2018-06-27,16.52,-0.87964
2018-06-28,16.51,-0.93692
2018-07-01,16.62,0.0
2018-07-02,16.65,0.920475
2018-07-03,17.07,-0.88815
2018-07-04,17.25,-0.82724
2018-07-05,17.28,0.0
2018-07-08,17.58,0.0
2018-07-09,17.67,0.0
2018-07-10,17.95,-0.94817
2018-07-11,17.72,-0.97591
2018-07-12,17.69,0.0
2018-07-15,17.59,0.0
2018-07-16,17.74,0.737502
2018-07-17,18.11,0.854486
2018-07-18,18.56,0.562365
2018-07-19,18.77,-0.67778
2018-07-22,19.09,0.0
2018-07-23,19.01,0.867564
2018-07-24,19.28,0.954178
2018-07-25,19.23,0.644101
2018-07-26,19.09,0.63826
2018-07-29,18.99,0.0
2018-07-30,19.34,-0.96808
2018-07-31,19.69,0.923339
2018-08-01,19.53,0.494829
2018-08-02,19.53,0.422953
2018-08-05,19.42,0.0
2018-08-06,19.36,-0.95129
2018-08-07,19.22,0.0
2018-08-08,19.42,0.871941
2018-08-09,19.73,-0.77702
2018-08-12,19.9,0.0
2018-08-13,20.0,0.0
2018-08-14,19.95,0.0
2018-08-15,19.86,0.714803
2018-08-16,20.04,0.921162
2018-08-19,20.44,0.0
2018-08-20,21.31,0.644424
2018-08-21,21.82,0.910983
2018-08-22,22.47,0.641627
2018-08-23,22.83,0.679793
2018-08-26,23.45,0.0
2018-08-27,22.86,0.858035
2018-08-28,23.19,-0.97202
2018-08-29,23.29,-0.83618
2018-08-30,23.2,0.762278
2018-09-02,22.28,0.0
2018-09-03,22.25,0.903471
2018-09-04,22.44,0.845367
2018-09-05,23.57,0.51487
2018-09-06,25.33,0.794453
2018-09-09,27.42,0.0
2018-09-10,26.66,0.602642
2018-09-11,25.37,0.926326
2018-09-12,21.29,-0.65944
2018-09-13,22.42,-0.8042
2018-09-16,23.46,0.0
2018-09-17,22.83,0.641099
2018-09-18,24.09,-0.9246
2018-09-19,24.72,0.510334
2018-09-20,24.88,0.928197
2018-09-23,25.29,0.0
2018-09-24,24.27,-0.85672
2018-09-25,23.42,0.912446
2018-09-26,24.0,0.84909
2018-09-27,24.63,-0.72143
2018-09-30,24.96,0.0
2018-10-01,24.76,0.0
2018-10-02,24.96,0.429263
2018-10-03,25.18,0.0
2018-10-04,26.1,0.8185
2018-10-07,26.48,0.0
2018-10-08,25.33,-0.97542
2018-10-09,23.65,0.0
2018-10-10,23.88,-0.90329
2018-10-11,24.21,-0.71962
2018-10-14,22.09,0.0
2018-10-15,22.53,0.944666
2018-10-16,22.27,0.424515
2018-10-17,22.62,0.0
2018-10-18,22.64,0.942246
2018-10-21,21.92,0.0
2018-10-22,21.8,-0.9741
2018-10-23,21.9,0.0
2018-10-24,21.41,-0.74567
2018-10-25,20.59,-0.90993
2018-10-28,18.91,0.0
2018-10-29,18.13,0.837315
2018-10-30,18.49,-0.94338
2018-10-31,17.62,0.498378
2018-11-01,19.18,-0.97227
2018-11-04,19.31,0.0
2018-11-05,19.69,0.95152
2018-11-06,20.77,-0.8422
2018-11-07,21.75,0.6348
2018-11-08,21.65,-0.93301
2018-11-11,22.7,0.0
2018-11-12,22.26,-0.83324
2018-11-13,21.78,0.897092
2018-11-14,21.13,0.0
2018-11-15,21.31,-0.52175
2018-11-18,21.08,0.0
2018-11-19,21.62,-0.90599
2018-11-20,22.69,0.58338
2018-11-21,23.14,0.908715
2018-11-22,22.4,0.0
2018-11-25,22.02,0.0
2018-11-26,21.82,-0.74373
2018-11-27,21.5,0.0
2018-11-28,22.23,-0.76786
2018-11-29,22.7,0.886721
2018-12-02,22.85,0.0
2018-12-03,22.99,0.87128
2018-12-04,22.03,-0.9576
2018-12-05,22.36,0.0
2018-12-06,22.6,0.783529
2018-12-09,23.22,0.0
2018-12-10,22.52,0.498092
2018-12-11,23.81,0.547583
2018-12-12,24.65,0.784257
2018-12-13,25.76,-0.9317
2018-12-16,26.69,0.0
2018-12-17,26.42,0.86486
2018-12-18,26.67,0.905685
2018-12-19,26.53,0.938757
2018-12-20,26.97,0.714597
2018-12-23,27.25,0.0
2018-12-26,27.08,0.905406
2018-12-27,27.02,0.0
2018-12-30,27.06,0.0
2019-01-01,27.37,0.0
2019-01-02,25.28,0.0
2019-01-03,25.66,0.0
2019-01-06,24.22,0.0
2019-01-07,24.78,0.898722
2019-01-08,23.93,-0.67642
2019-01-09,23.96,0.0
2019-01-10,24.52,-0.92599
2019-01-13,24.33,0.0
2019-01-14,24.4,-0.93038
2019-01-15,25.18,-0.79503
2019-01-16,25.39,0.909746
2019-01-17,26.63,0.665361
2019-01-20,26.25,0.0
2019-01-21,26.94,0.769824
2019-01-22,26.47,0.922895
2019-01-23,25.85,0.0
2019-01-24,25.68,-0.95668
2019-01-27,24.5,0.0
2019-01-28,25.08,-0.94536
2019-01-29,24.72,0.0
2019-01-30,23.9,0.55884
2019-01-31,23.55,-0.55375
2019-02-03,24.63,0.0
2019-02-04,24.74,0.832739
2019-02-05,25.24,0.873816
2019-02-06,25.02,0.803497
2019-02-07,23.91,0.944886
2019-02-10,23.97,0.0
2019-02-11,22.25,0.757517
2019-02-12,22.51,0.874241
2019-02-13,21.37,0.0
2019-02-14,22.04,0.699183
2019-02-17,21.6,0.0
2019-02-18,21.81,0.80382
2019-02-19,22.04,0.0
2019-02-20,20.32,0.909421
2019-02-21,20.43,0.0
2019-02-24,20.65,0.0
2019-02-25,21.08,-0.86557
2019-02-26,22.7,0.0
2019-02-27,23.13,-0.87541
2019-02-28,23.73,0.808593
2019-03-03,24.6,0.0
2019-03-04,24.42,-0.89642
2019-03-05,23.6,0.497255
2019-03-06,24.76,-0.95372
2019-03-07,24.52,0.900132
2019-03-10,23.78,0.0
2019-03-11,23.8,-0.9728
2019-03-12,23.72,-0.89979
2019-03-13,24.2,0.397315
2019-03-14,23.92,0.9154
2019-03-17,23.22,0.0
2019-03-18,22.53,0.907416
2019-03-19,23.02,0.732417
2019-03-20,22.28,0.0
2019-03-21,21.99,0.897109
2019-03-24,22.23,0.0
2019-03-25,22.84,-0.65574
2019-03-26,23.15,0.863248
2019-03-27,23.55,0.692262
2019-03-28,22.82,-0.65145
2019-03-31,23.16,0.0
2019-04-01,23.25,0.484524
2019-04-02,24.45,0.0
2019-04-03,25.72,0.0
2019-04-04,25.9,-0.84044
2019-04-07,25.58,0.0
2019-04-08,26.84,0.841513
2019-04-09,27.41,0.913448
2019-04-10,28.58,0.0
2019-04-11,27.82,-0.96893
2019-04-14,28.05,0.0
2019-04-15,28.25,-0.96117
2019-04-16,28.71,0.848216
2019-04-17,28.14,-0.97186
2019-04-22,28.8,0.947161
2019-04-23,28.66,0.903836
2019-04-24,28.54,-0.72041
2019-04-25,27.09,0.815956
2019-04-28,27.55,0.0
2019-04-29,27.43,-0.93817
2019-04-30,26.89,0.539359
2019-05-01,25.79,0.0
2019-05-02,26.29,-0.86277
2019-05-05,26.42,0.0
2019-05-06,27.47,-0.42351
2019-05-07,27.99,-0.94851
2019-05-08,27.57,-0.56733
2019-05-09,26.62,-0.9636
2019-05-12,26.03,0.0
2019-05-13,26.87,0.795768
2019-05-14,26.96,-0.85409
2019-05-15,26.56,-0.93766
2019-05-16,25.96,-0.54425
2019-05-19,26.16,0.0
2019-05-20,26.35,-0.92055
2019-05-21,27.34,0.885973
2019-05-22,27.03,0.700004
2019-05-23,26.44,-0.76225
2019-05-26,26.61,0.0
2019-05-27,26.46,-0.5145
2019-05-28,26.51,-0.93844
2019-05-29,26.28,0.873021
2019-05-30,25.45,0.951541
2019-06-02,24.74,0.0
2019-06-03,25.58,-0.9678
2019-06-04,25.28,-0.93164
2019-06-05,25.09,-0.95804
2019-06-06,25.66,0.757982
2019-06-09,26.36,0.0
2019-06-10,26.11,-0.77004
2019-06-11,25.92,0.955588
2019-06-12,26.05,-0.92973
2019-06-13,26.15,-0.91476
2019-06-16,26.12,0.0
2019-06-17,26.22,0.0
2019-06-18,26.07,0.711539
2019-06-19,26.2,-0.97184
2019-06-20,26.42,-0.8605
2019-06-23,27.53,0.0
2019-06-24,27.64,-0.95701
2019-06-25,28.65,-0.48657
2019-06-26,28.15,0.938838
2019-06-27,27.5,0.0
2019-06-30,28.17,0.0
2019-07-01,27.98,-0.90714
2019-07-02,27.78,-0.84815
2019-07-03,27.28,0.750607
2019-07-04,27.67,0.0
2019-07-07,28.16,0.0
2019-07-08,27.9,0.561808
2019-07-09,29.65,-0.93472
2019-07-10,29.71,-0.94825
2019-07-11,30.26,-0.97382
2019-07-14,30.56,0.0
2019-07-15,29.98,0.709294
2019-07-16,29.98,-0.90941
2019-07-17,29.28,-0.90044
2019-07-18,30.38,0.837313
2019-07-21,30.5,0.0
2019-07-22,31.33,0.951146
2019-07-23,30.7,0.776264
2019-07-24,30.51,0.87466
2019-07-25,29.75,-0.63542
2019-07-28,29.85,0.0
2019-07-29,29.29,0.932103
2019-07-30,29.38,-0.58155
2019-07-31,30.83,0.946007
2019-08-01,30.61,0.540869
2019-08-04,30.04,0.0
2019-08-05,29.7,-0.78265
2019-08-06,29.56,-0.92163
2019-08-07,29.78,0.735031
2019-08-08,29.36,0.934923
2019-08-11,27.91,0.0
2019-08-12,28.3,0.94814
2019-08-13,28.12,-0.70567
2019-08-14,27.2,-0.95662
2019-08-15,27.15,0.697471
2019-08-18,27.73,0.0
2019-08-19,27.42,0.906326
2019-08-20,27.17,0.944405
2019-08-21,26.81,-0.62173
2019-08-22,26.24,-0.57957
2019-08-25,26.97,0.0
2019-08-26,26.53,0.68621
2019-08-27,27.11,0.598443
2019-08-28,27.55,0.947904
2019-08-29,27.37,0.757082
2019-09-01,26.22,0.0
2019-09-02,26.21,-0.96489
2019-09-03,26.47,0.0
2019-09-04,26.48,0.614483
2019-09-05,26.05,0.887131
2019-09-08,25.97,0.0
2019-09-09,27.69,0.863765
2019-09-10,27.27,-0.4701
2019-09-11,27.42,0.667902
2019-09-12,27.38,0.0
2019-09-15,28.07,0.0
2019-09-16,27.24,-0.76835
2019-09-17,26.47,-0.87819
2019-09-18,26.98,-0.89433
2019-09-19,27.59,0.0
2019-09-22,26.84,0.0
2019-09-23,26.58,0.733667
2019-09-24,26.26,-0.50944
2019-09-25,26.69,-0.83313
2019-09-26,26.34,-0.70386
2019-09-29,25.76,0.0
2019-09-30,26.05,-0.81845
2019-10-01,25.2,0.0
2019-10-02,24.17,0.910077
2019-10-03,23.91,-0.93537
2019-10-06,24.35,0.0
2019-10-07,23.5,0.801855
2019-10-08,23.6,0.715969
2019-10-09,24.18,-0.77861
2019-10-10,25.36,-0.91411
2019-10-13,25.06,0.0
2019-10-14,26.64,0.0
2019-10-15,27.23,0.627741
2019-10-16,27.0,0.0
2019-10-17,26.8,-0.47344
2019-10-20,26.83,0.0
2019-10-21,26.52,-0.9277
2019-10-22,25.59,0.938844
2019-10-23,26.28,0.37207
2019-10-24,25.8,0.904004
2019-10-27,25.93,0.0
2019-10-28,26.25,-0.94679
2019-10-29,26.76,0.697573
2019-10-30,26.35,0.0
2019-10-31,26.02,-0.94345
2019-11-03,26.37,0.0
2019-11-04,26.24,0.92402
2019-11-05,25.52,-0.95565
2019-11-06,25.65,0.0
2019-11-07,25.56,0.83628
2019-11-10,25.65,0.0
2019-11-11,24.83,-0.96106
2019-11-12,25.1,-0.92744
2019-11-13,24.67,-0.96281
2019-11-14,24.57,-0.8959
2019-11-17,24.13,0.0
2019-11-18,24.17,-0.82959
2019-11-19,24.75,0.950368
2019-11-20,24.66,0.885982
2019-11-21,25.31,-0.44176
2019-11-24,25.16,0.0
2019-11-25,25.11,0.634231
2019-11-26,25.84,0.870942
2019-11-27,25.73,-0.88742
2019-11-28,25.94,0.0
2019-12-01,25.06,0.0
2019-12-02,24.74,0.77527
2019-12-03,25.48,0.843767
2019-12-04,25.43,0.940907
2019-12-05,25.68,-0.94808
2019-12-08,25.87,0.0
2019-12-09,25.68,0.708344
2019-12-10,25.19,-0.81452
2019-12-11,25.79,0.947542
2019-12-12,24.71,0.928879
2019-12-15,25.52,0.0
2019-12-16,26.61,-0.95463
2019-12-17,27.13,0.862638
2019-12-18,27.38,-0.75167
2019-12-19,27.21,-0.96992
2019-12-22,27.08,0.0
2019-12-23,26.62,0.0
2019-12-25,26.62,0.0
2019-12-26,27.25,0.904549
2019-12-29,25.63,0.0
2019-12-30,25.18,0.0
2020-01-01,24.9,0.0
2020-01-02,25.5,0.0
2020-01-05,24.74,0.0
2020-01-06,25.06,-0.95744
2020-01-07,24.6,-0.97422
2020-01-08,25.2,-0.8589
2020-01-09,24.73,0.564312
2020-01-12,24.66,0.0
2020-01-13,24.37,0.534515
2020-01-14,25.04,0.927684
2020-01-15,25.37,0.64103
2020-01-16,25.97,0.93809
2020-01-19,25.7,0.0
2020-01-20,25.45,0.896816
2020-01-21,25.55,0.918991
2020-01-22,25.21,0.853255
2020-01-23,24.87,0.870276
2020-01-26,25.05,0.0
2020-01-27,25.1,0.0
2020-01-28,24.43,-0.95738
2020-01-29,24.17,-0.74416
2020-01-30,24.31,-0.95478
2020-02-02,23.63,0.0
2020-02-03,23.78,-0.97145
2020-02-04,24.19,0.873263
2020-02-05,23.98,-0.96838
2020-02-06,23.75,0.935282
2020-02-09,23.58,0.0
2020-02-10,23.74,-0.95119
2020-02-11,24.31,0.7704
2020-02-12,24.82,-0.96357
2020-02-13,24.71,-0.93908
2020-02-16,25.47,0.0
2020-02-17,25.56,0.812714
2020-02-18,26.13,-0.93638
2020-02-19,26.06,0.942889
2020-02-20,26.03,0.86099
2020-02-23,25.0,0.0
2020-02-24,24.62,-0.78429
2020-02-25,24.69,0.499121
2020-02-26,24.02,-0.92602
2020-02-27,24.02,-0.97325
2020-03-01,23.93,0.0
2020-03-02,23.77,-0.79582
2020-03-03,24.24,0.483258
2020-03-04,24.21,-0.90575
2020-03-05,23.83,0.0
2020-03-08,23.68,0.0
2020-03-09,24.5,0.0
2020-03-10,24.34,-0.87691
2020-03-11,22.96,0.866088
2020-03-12,22.38,0.944173
2020-03-15,19.98,0.0
2020-03-16,19.05,-0.96541
2020-03-17,16.12,-0.97353
2020-03-18,17.19,0.611593
2020-03-19,16.84,0.501478
2020-03-22,16.28,0.0
2020-03-23,17.5,-0.7507
2020-03-24,18.21,-0.93574
2020-03-25,18.06,-0.95973
2020-03-26,17.11,0.893666
2020-03-29,17.78,0.0
2020-03-30,18.42,-0.95159
2020-03-31,17.84,-0.64617
2020-04-01,18.82,0.729238
2020-04-02,18.73,-0.9499
2020-04-05,21.17,0.0
2020-04-06,21.3,-0.72463
2020-04-07,21.93,0.867265
2020-04-08,21.86,0.0
2020-04-13,20.57,-0.96449
2020-04-14,20.02,0.632125
2020-04-15,21.69,0.887813
2020-04-16,22.48,-0.97513
2020-04-19,22.15,0.0
2020-04-20,20.64,-0.96823
2020-04-21,21.45,-0.93976
2020-04-22,21.82,-0.49948
2020-04-23,21.53,-0.9494
2020-04-26,21.09,0.0
2020-04-27,21.04,-0.96268
2020-04-28,21.0,-0.96603
2020-04-29,20.39,-0.68195
2020-04-30,19.8,0.470989
2020-05-03,20.18,0.0
2020-05-04,19.92,0.611426
2020-05-05,19.83,-0.88115
2020-05-06,20.35,-0.97267
2020-05-07,20.17,-0.68184
2020-05-10,19.86,0.0
2020-05-11,19.31,0.0
2020-05-12,19.46,0.860379
2020-05-13,19.62,0.851694
2020-05-14,19.96,0.0
2020-05-17,21.14,0.0
2020-05-18,20.76,-0.73392
2020-05-19,22.06,0.755006
2020-05-20,21.97,-0.91139
2020-05-21,22.19,-0.95691
2020-05-24,22.38,0.0
2020-05-25,22.4,-0.8588
2020-05-26,22.13,0.468917
2020-05-27,22.04,0.807773
2020-05-28,22.18,-0.96998
2020-05-31,21.75,0.0
2020-06-01,22.84,-0.92487
2020-06-02,22.85,0.0
2020-06-03,22.98,0.743012
2020-06-04,24.02,-0.5379
2020-06-07,23.48,0.0
2020-06-08,23.24,-0.97161
2020-06-09,23.68,0.616071
2020-06-10,23.04,-0.48601
2020-06-11,22.78,0.866608
2020-06-14,22.93,0.0
2020-06-15,23.55,0.737743
2020-06-16,23.52,0.873083
2020-06-17,25.23,0.944283
2020-06-18,24.92,-0.97086
2020-06-21,25.28,0.0
2020-06-22,26.15,0.917097
2020-06-23,26.14,-0.97031
2020-06-24,25.92,-0.96095
2020-06-25,25.46,-0.8317
2020-06-28,27.35,0.0
2020-06-29,27.68,0.951204
2020-06-30,28.42,0.0
2020-07-01,28.09,-0.51493
2020-07-02,28.64,-0.97222
2020-07-05,30.43,0.0
2020-07-06,30.12,0.847533
2020-07-07,30.06,-0.87697
2020-07-08,29.37,0.834438
2020-07-09,29.78,-0.93436
2020-07-12,30.14,0.0
2020-07-13,30.46,0.940244
2020-07-14,29.7,-0.60759
2020-07-15,27.67,0.93895
2020-07-16,28.76,-0.84467
2020-07-19,27.1,0.0
2020-07-20,27.51,-0.8497
2020-07-21,27.53,0.816972
2020-07-22,28.23,0.927953
2020-07-23,27.27,-0.55733
2020-07-26,25.91,0.0
2020-07-27,26.67,-0.90464
2020-07-28,27.13,-0.90639
2020-07-29,26.48,-0.96751
2020-07-30,27.22,0.63777
2020-08-02,27.08,0.0
2020-08-03,27.75,0.0
2020-08-04,27.69,-0.88543
2020-08-05,27.3,0.0
2020-08-06,27.32,-0.85813
2020-08-09,27.6,0.0
2020-08-10,27.08,-0.92487
2020-08-11,26.87,-0.92211
2020-08-12,26.3,-0.95231
2020-08-13,26.36,0.864538
2020-08-16,27.17,0.0
2020-08-17,27.41,-0.35703
2020-08-18,27.08,0.50957
2020-08-19,26.75,0.713309
2020-08-20,26.48,0.6381
2020-08-23,28.32,0.0
2020-08-24,29.46,-0.57258
2020-08-25,29.48,-0.84217
2020-08-26,29.23,-0.93958
2020-08-27,30.38,0.925937
2020-08-30,29.53,0.0
2020-08-31,28.61,-0.9522
2020-09-01,29.06,0.678421
2020-09-02,29.53,0.951948
2020-09-03,28.13,-0.78505
2020-09-06,27.81,0.0
2020-09-07,27.53,-0.49803
2020-09-08,27.94,0.7136
2020-09-09,29.15,0.0
2020-09-10,28.99,0.731436
2020-09-13,31.2,0.0
2020-09-14,30.53,0.931848
2020-09-15,30.71,0.652832
2020-09-16,29.13,0.858519
2020-09-17,28.68,0.0
2020-09-20,27.05,0.0
2020-09-21,28.47,0.0
2020-09-22,27.12,0.636546
2020-09-23,27.4,0.602589
2020-09-24,26.75,0.772862
2020-09-27,28.28,0.0
2020-09-28,27.36,-0.79
2020-09-29,27.5,-0.46614
2020-09-30,27.07,-0.97204
2020-10-01,27.59,0.702741
2020-10-04,27.49,0.0
2020-10-05,27.34,0.645723
2020-10-06,27.44,0.814052
2020-10-07,26.88,-0.93478
2020-10-08,26.24,-0.89797
2020-10-11,26.4,0.0
2020-10-12,25.74,0.570104
2020-10-13,26.28,-0.58906
2020-10-14,25.48,0.575472
2020-10-15,25.4,0.594238
2020-10-18,25.49,0.0
2020-10-19,24.92,-0.75794
2020-10-20,24.06,-0.9617
2020-10-21,24.68,-0.89134
2020-10-22,25.98,-0.97575
2020-10-25,24.35,0.0
2020-10-26,24.55,-0.9333
2020-10-27,23.52,-0.76628
2020-10-28,24.15,-0.96718
2020-10-29,24.19,-0.96729
2020-11-01,24.15,0.0
2020-11-02,24.86,-0.79083
2020-11-03,25.57,0.909227
2020-11-04,26.43,0.528894
2020-11-05,25.85,0.0
2020-11-08,26.97,0.0
2020-11-09,26.64,0.794368
2020-11-10,26.52,0.674728
2020-11-11,26.32,0.750923
2020-11-12,26.68,0.611565
2020-11-15,27.79,0.0
2020-11-16,27.04,-0.80943
2020-11-17,27.59,-0.97312
2020-11-18,26.75,0.709823
2020-11-19,27.15,-0.97486
2020-11-22,27.67,0.0
2020-11-23,28.04,0.653412
2020-11-24,28.04,-0.92512
2020-11-25,28.54,-0.85394
2020-11-26,28.59,0.792603
2020-11-29,29.6,0.0
2020-11-30,29.33,-0.85216
2020-12-01,30.01,0.834347
2020-12-02,29.46,0.0
2020-12-03,30.57,0.945458
2020-12-06,30.07,0.0
2020-12-07,30.02,-0.94507
2020-12-08,30.16,-0.96721
2020-12-09,31.36,-0.86312
2020-12-10,30.98,-0.4934
2020-12-13,31.27,0.0
2020-12-14,32.43,-0.92423
2020-12-15,32.03,0.810358
2020-12-16,32.21,0.947704
2020-12-17,31.36,0.951165
2020-12-20,31.14,0.0
2020-12-21,31.39,-0.74245
2020-12-22,32.15,0.0
2020-12-23,32.41,-0.92256
2020-12-27,33.66,0.0
2020-12-28,33.25,0.831374
2020-12-29,32.42,-0.7255
2020-12-30,32.94,0.0
2021-01-03,33.89,0.0
2021-01-04,33.15,0.807791
2021-01-05,33.83,0.692784
2021-01-06,34.97,-0.77503
2021-01-07,35.14,0.931955
2021-01-10,34.76,0.0
2021-01-11,34.88,-0.45307
2021-01-12,33.88,0.919494
2021-01-13,33.76,0.902645
2021-01-14,31.96,0.385801
2021-01-17,31.84,0.0
2021-01-18,33.3,-0.84095
2021-01-19,33.12,0.890915
2021-01-20,34.32,0.840206
2021-01-21,34.45,-0.97165
2021-01-24,33.39,0.0
2021-01-25,33.56,-0.63129
2021-01-26,33.51,0.9339
2021-01-27,34.17,0.618087
2021-01-28,33.18,0.584461
2021-01-31,33.08,0.0
2021-02-01,35.19,0.620685
2021-02-02,37.65,0.930354
2021-02-03,37.49,0.84283
2021-02-04,38.43,0.793886
2021-02-07,38.84,0.0
2021-02-08,38.49,0.909663
2021-02-09,39.56,-0.97656
2021-02-10,39.0,0.742753
2021-02-11,40.28,0.612626
2021-02-14,39.81,0.0
2021-02-15,39.13,-0.90751
2021-02-16,38.4,0.485987
2021-02-17,38.61,0.921783
2021-02-18,37.7,0.0
2021-02-21,38.26,0.0
2021-02-22,38.97,-0.76212
2021-02-23,39.45,0.859705
2021-02-24,38.57,0.773245
2021-02-25,37.6,0.947297
2021-02-28,37.45,0.0
2021-03-01,38.69,0.642192
2021-03-02,37.82,0.819994
2021-03-03,38.51,0.845551
2021-03-04,39.36,0.0
2021-03-07,39.47,0.0
2021-03-08,40.98,0.701456
2021-03-09,41.87,0.907621
2021-03-10,42.27,0.777544
2021-03-11,43.19,0.89328
2021-03-14,42.73,0.0
2021-03-15,41.96,0.0
2021-03-16,43.34,0.929653
2021-03-17,42.74,0.0
2021-03-18,42.31,0.545803
2021-03-21,43.18,0.0
2021-03-22,41.78,0.886884
2021-03-23,41.96,-0.95946
2021-03-24,40.71,-0.64908
2021-03-25,42.09,-0.49479
2021-03-28,42.2,0.0
2021-03-29,42.4,-0.59882
2021-03-30,42.89,0.931772
2021-03-31,42.81,0.0
2021-04-04,42.81,0.0
2021-04-05,44.6,0.76799
2021-04-06,44.23,-0.97642
2021-04-07,43.85,0.640423
2021-04-08,44.03,0.0
2021-04-11,44.86,0.0
2021-04-12,44.24,0.934698
2021-04-13,44.2,0.0
2021-04-14,44.55,-0.58221
2021-04-15,44.8,0.673972
2021-04-18,44.74,0.0
2021-04-19,45.29,-0.92202
2021-04-20,46.32,-0.75777
2021-04-21,47.51,-0.97338
2021-04-22,47.38,0.474379
2021-04-25,47.67,0.0
2021-04-26,47.78,-0.96753
2021-04-27,48.28,-0.62786
2021-04-28,48.51,0.679626
2021-04-29,49.31,0.951624
2021-05-02,49.9,0.941529
2021-05-03,49.06,0.950712
2021-05-04,49.91,0.0
2021-05-05,50.41,0.0
2021-05-06,50.93,0.589721
2021-05-09,52.72,0.0
2021-05-10,53.55,0.945656
2021-05-11,55.85,0.920807
2021-05-12,55.04,-0.95097
2021-05-13,57.23,0.759046
2021-05-16,56.97,0.0
2021-05-17,53.74,0.0
2021-05-18,50.35,0.747672
2021-05-19,53.41,-0.89497
2021-05-20,52.43,0.951605
2021-05-23,53.41,0.0
2021-05-24,53.83,0.749856
2021-05-25,54.22,0.731455
2021-05-26,52.39,0.77302
2021-05-27,51.58,0.894876
2021-05-30,52.24,0.0
2021-05-31,52.97,0.0
2021-06-01,51.94,0.0
2021-06-02,50.73,-0.54712
2021-06-03,50.47,-0.50012
2021-06-06,51.97,0.0
2021-06-07,52.58,0.739334
2021-06-08,53.9,0.0
2021-06-09,54.15,0.77056
2021-06-10,53.07,-0.91031
2021-06-13,53.29,0.0
2021-06-14,51.76,-0.68655
2021-06-15,51.72,0.896306
2021-06-16,51.28,-0.82336
2021-06-17,52.26,0.0
2021-06-20,52.78,0.0
2021-06-21,53.76,-0.94782
2021-06-22,55.03,-0.77363
2021-06-23,55.49,0.946013
2021-06-24,55.48,0.774111
2021-06-27,55.9,0.0
2021-06-28,56.04,0.563701
2021-06-29,56.78,-0.96706
2021-06-30,58.06,0.788381
2021-07-01,57.76,0.865641
2021-07-04,58.28,0.0
2021-07-05,54.44,-0.89469
2021-07-06,53.03,0.797166
2021-07-07,52.77,-0.75337
2021-07-08,54.67,-0.89652
2021-07-11,52.12,0.0
2021-07-12,53.26,0.887962
2021-07-13,53.78,0.946092
2021-07-14,53.37,0.80964
2021-07-15,53.28,-0.39791
2021-07-18,52.81,0.0
2021-07-19,51.59,0.0
2021-07-20,52.51,-0.95883
2021-07-21,51.16,0.854851
2021-07-22,51.26,0.844855
2021-07-25,53.57,0.0
2021-07-26,53.28,0.872162
2021-07-27,54.2,0.758908
2021-07-28,54.41,-0.76874
2021-07-29,53.69,0.847371
2021-08-01,54.79,0.0
2021-08-02,54.55,0.0
2021-08-03,55.82,0.850274
2021-08-04,56.34,0.901666
2021-08-05,57.02,0.0
2021-08-08,56.98,0.0
2021-08-09,57.77,0.684517
2021-08-10,58.14,0.674334
2021-08-11,56.63,0.55639
2021-08-12,55.74,-0.96836
2021-08-15,58.52,0.0
2021-08-16,57.56,-0.95848
2021-08-17,57.45,-0.39296
2021-08-18,53.84,0.915078
2021-08-19,54.72,0.681168
2021-08-22,55.67,0.0
2021-08-23,56.97,-0.95988
2021-08-24,56.87,0.52828
2021-08-25,57.19,0.920207
2021-08-26,59.32,0.91961
2021-08-29,61.08,0.0
2021-08-30,61.07,0.91514
2021-08-31,60.42,0.0
2021-09-01,61.83,-0.83442
2021-09-02,61.63,0.70103
2021-09-05,62.61,0.0
2021-09-06,62.28,0.0
2021-09-07,62.74,0.0
2021-09-08,63.04,0.0
2021-09-09,61.22,-0.62235
2021-09-12,61.37,0.0
2021-09-13,60.16,0.609781
2021-09-14,60.18,0.573408
2021-09-15,59.63,-0.9008
2021-09-16,59.82,0.0
2021-09-19,61.02,0.0
2021-09-20,60.5,-0.95682
2021-09-21,60.94,0.759239
2021-09-22,60.89,0.898968
2021-09-23,63.29,0.832058
2021-09-26,64.72,0.0
2021-09-27,62.29,-0.50063
2021-09-28,63.28,-0.70107
2021-09-29,62.16,0.940857
2021-09-30,62.45,-0.89647
2021-10-03,63.82,0.0
2021-10-04,65.16,-0.96019
2021-10-05,59.58,-0.9541
2021-10-06,60.81,-0.94835
2021-10-07,58.76,-0.9454
2021-10-10,59.58,0.0
2021-10-11,59.34,0.839639
2021-10-12,59.45,0.51256
2021-10-13,61.79,0.864597
2021-10-14,59.79,-0.56222
2021-10-17,58.92,0.0
2021-10-18,54.92,-0.94502
2021-10-19,58.14,-0.94693
2021-10-20,58.37,-0.92068
2021-10-21,58.64,-0.75965
2021-10-24,59.35,0.0
2021-10-25,60.16,0.579939
2021-10-26,60.27,-0.94106
2021-10-27,58.94,0.94109
2021-10-28,59.08,0.903706
2021-10-31,57.29,0.0
2021-11-01,59.79,-0.96555
2021-11-02,60.15,0.0
2021-11-03,60.18,-0.96499
2021-11-04,59.73,0.0
2021-11-07,60.96,0.0
2021-11-08,60.75,0.889643
2021-11-09,63.48,-0.88903
2021-11-10,64.02,0.839888
2021-11-11,63.58,-0.90736
2021-11-14,66.22,0.0
2021-11-15,67.83,0.0
2021-11-16,67.45,0.774087
2021-11-17,69.38,-0.92586
2021-11-18,69.65,-0.65197
2021-11-21,70.22,0.0
2021-11-22,69.49,0.817019
2021-11-23,73.23,0.70772
2021-11-24,74.79,0.0
2021-11-25,73.12,0.0
2021-11-28,74.54,0.0
2021-11-29,75.73,0.633318
2021-11-30,77.2,-0.92744
2021-12-01,80.25,0.897403
2021-12-02,78.64,0.944052
2021-12-05,81.65,0.0
2021-12-06,85.34,0.720406
2021-12-07,89.41,-0.57214
2021-12-08,80.88,-0.96633
2021-12-09,84.37,0.758975
2021-12-12,82.72,0.0
2021-12-13,80.12,0.900679
2021-12-14,81.19,-0.5509
2021-12-15,85.71,0.610587
2021-12-16,74.02,0.948505
2021-12-19,80.09,0.0
2021-12-20,80.94,-0.52746
2021-12-21,76.83,0.941036
2021-12-22,74.46,-0.95535
2021-12-23,76.31,0.0
2021-12-26,76.92,0.0
2021-12-27,79.29,0.619807
2021-12-28,80.36,0.0
2021-12-29,80.16,0.0
2021-12-30,80.65,0.789259
2022-01-02,84.01,0.0
2022-01-03,84.91,-0.96711
2022-01-04,87.58,-0.90458
2022-01-05,86.74,-0.90342
2022-01-06,85.42,0.947173
2022-01-09,80.09,0.0
2022-01-10,81.3,0.91685
2022-01-11,80.01,0.847597
2022-01-12,80.56,0.836926
2022-01-13,82.08,0.0
2022-01-16,80.58,0.0
2022-01-17,82.67,0.947668
2022-01-18,82.09,-0.93463
2022-01-19,85.59,-0.96879
2022-01-20,84.47,-0.97188
2022-01-23,84.02,0.0
2022-01-24,87.45,0.577511
2022-01-25,88.66,0.938918
2022-01-26,89.76,0.768118
2022-01-27,89.22,0.912338
2022-01-30,89.24,0.0
2022-01-31,89.52,-0.95255
2022-02-01,94.21,-0.96269
2022-02-02,94.81,0.0
2022-02-03,96.45,-0.93317
2022-02-06,96.7,0.0
2022-02-07,96.93,0.597781
2022-02-08,90.79,0.808265
2022-02-09,90.78,-0.89778
2022-02-10,92.87,-0.92704
2022-02-13,91.76,0.0
2022-02-14,91.14,0.842644
2022-02-15,89.86,0.89431
2022-02-16,86.44,0.9167
2022-02-17,89.47,-0.91644
2022-02-20,89.68,0.0
2022-02-21,89.77,0.711968
2022-02-22,95.07,0.616124
2022-02-23,87.03,0.853778
2022-02-24,88.14,0.920191
2022-02-27,82.21,0.0
2022-02-28,68.85,-0.67295
2022-03-01,68.49,0.610968
2022-03-02,67.35,0.910953
2022-03-03,65.1,0.916474
2022-03-06,58.3,0.0
2022-03-07,68.51,0.928452
2022-03-08,73.18,-0.91993
2022-03-09,76.41,-0.93292
2022-03-10,76.76,0.745981
2022-03-13,78.28,0.0
2022-03-14,77.43,-0.95708
2022-03-15,78.16,-0.97268
2022-03-16,79.89,0.920483
2022-03-17,78.89,0.47432
2022-03-20,78.39,0.0
2022-03-21,80.67,0.945261
2022-03-22,76.6,0.934101
2022-03-23,78.24,-0.40467
2022-03-24,78.6,0.857709
2022-03-27,80.81,0.0
2022-03-28,81.7,0.838045
2022-03-29,78.31,-0.92961
2022-03-30,76.48,-0.55246
2022-03-31,78.49,0.938405
2022-04-03,78.5,0.0
2022-04-04,78.05,-0.93292
2022-04-05,77.18,0.520405
2022-04-06,79.94,-0.72102
2022-04-07,80.09,-0.87956
2022-04-10,77.95,0.0
2022-04-11,79.01,0.94538
2022-04-12,77.44,-0.96693
2022-04-13,79.97,-0.91513
2022-04-18,80.2,-0.96854
2022-04-19,87.82,-0.97534
2022-04-20,86.44,0.603859
2022-04-21,88.99,-0.89192
2022-04-24,83.46,0.0
2022-04-25,82.71,0.921062
2022-04-26,81.01,-0.68092
2022-04-27,82.68,0.834353
2022-04-28,84.45,-0.96635
2022-05-01,83.04,0.0
2022-05-02,88.19,-0.96234
2022-05-03,88.31,0.9487
2022-05-04,88.91,0.6034
2022-05-05,91.54,0.590367
2022-05-08,87.02,0.0
2022-05-09,87.34,0.546818
2022-05-10,88.83,0.0
2022-05-11,88.26,-0.87105
2022-05-12,88.48,-0.95624
2022-05-15,89.56,0.0
2022-05-16,91.72,0.879579
2022-05-17,84.64,0.734672
2022-05-18,83.18,-0.93861
2022-05-19,80.39,-0.67731
2022-05-22,78.15,0.0
2022-05-23,81.32,0.947969
2022-05-24,81.4,-0.95197
2022-05-25,84.76,-0.755
2022-05-26,84.2,0.769065
2022-05-29,83.97,0.0
2022-05-30,84.02,0.856602
2022-05-31,86.08,0.86071
2022-06-01,86.34,-0.83162
2022-06-02,86.87,0.941683
2022-06-05,81.43,0.0
2022-06-06,81.31,0.865531
2022-06-07,79.81,0.733429
2022-06-08,81.01,-0.93794
2022-06-09,81.86,0.6785
2022-06-12,81.54,0.0
2022-06-13,84.15,0.934046
2022-06-14,86.2,-0.96628
2022-06-15,83.0,-0.97304
2022-06-16,82.37,0.772417
2022-06-19,84.0,0.0
2022-06-20,84.73,0.770321
2022-06-21,81.88,0.843481
2022-06-22,84.13,0.65427
2022-06-23,83.43,-0.56152
2022-06-26,85.05,0.0
2022-06-27,87.4,0.657151
2022-06-28,88.35,-0.87971
2022-06-29,90.16,0.858177
2022-06-30,85.58,0.769994
2022-07-03,84.55,0.0
2022-07-04,83.19,-0.76552
2022-07-05,83.22,-0.92023
2022-07-06,84.92,-0.87208
2022-07-07,82.79,-0.96811
2022-07-10,84.36,0.0
2022-07-11,85.65,0.909391
2022-07-12,83.86,0.0
2022-07-13,83.97,0.0
2022-07-14,85.38,0.913236
2022-07-17,84.94,0.0
2022-07-18,83.65,-0.9395
2022-07-19,78.84,0.610511
2022-07-20,78.11,0.782239
2022-07-21,76.3,0.582449
2022-07-24,76.37,0.0
2022-07-25,76.68,0.764342
2022-07-26,76.14,-0.93271
2022-07-27,78.96,-0.94567
2022-07-28,78.55,0.93112
2022-07-31,80.58,0.0
2022-08-01,81.95,-0.56527
2022-08-02,83.99,0.496917
2022-08-03,84.19,-0.89193
2022-08-04,84.76,-0.90629
2022-08-07,83.81,0.0
2022-08-08,85.93,0.891648
2022-08-09,85.92,0.941907
2022-08-10,87.55,0.851426
2022-08-11,88.87,-0.85991
2022-08-14,90.78,0.0
2022-08-15,92.08,0.90084
2022-08-16,95.8,0.884062
2022-08-17,96.04,0.0
2022-08-18,98.01,-0.82882
2022-08-21,92.17,0.0
2022-08-22,89.29,0.91514
2022-08-23,89.24,0.499412
2022-08-24,89.31,-0.97432
2022-08-25,90.31,-0.70973
2022-08-28,86.66,0.0
2022-08-29,80.81,0.820533
2022-08-30,80.03,-0.42895
2022-08-31,80.79,0.698339
2022-09-01,77.89,0.845902
2022-09-04,74.45,0.0
2022-09-05,69.88,-0.95311
2022-09-06,69.03,0.950278
2022-09-07,67.24,0.833634
2022-09-08,66.08,0.67189
2022-09-11,71.82,0.0
2022-09-12,69.75,0.503006
2022-09-13,72.54,-0.71878
2022-09-14,71.85,-0.97167
2022-09-15,73.27,0.952788
2022-09-18,71.1,0.0
2022-09-19,71.14,-0.61576
2022-09-20,69.79,0.818867
2022-09-21,70.44,-0.53096
2022-09-22,65.77,0.889439
2022-09-25,70.33,0.0
2022-09-26,67.96,0.949771
2022-09-27,65.15,-0.91317
2022-09-28,65.73,-0.88198
2022-09-29,66.73,-0.89086
2022-10-02,65.94,0.0
2022-10-03,66.92,-0.70353
2022-10-04,67.07,-0.67532
2022-10-05,68.96,0.651812
2022-10-06,69.85,0.924981
2022-10-09,66.77,0.0
2022-10-10,66.34,-0.93848
2022-10-11,66.71,0.873841
2022-10-12,68.84,0.937389
2022-10-13,68.02,-0.81208
2022-10-16,67.51,0.0
2022-10-17,67.77,0.856578
2022-10-18,67.29,-0.97289
2022-10-19,66.87,-0.67504
2022-10-20,68.72,-0.54454
2022-10-23,72.32,0.0
2022-10-24,77.11,-0.82739
2022-10-25,75.79,0.612256
2022-10-26,80.21,0.564894
2022-10-27,81.21,-0.89303
2022-10-30,79.97,0.0
2022-10-31,76.72,-0.96761
2022-11-01,76.7,0.931182
2022-11-02,76.28,0.685261
2022-11-03,76.36,0.933739
2022-11-06,77.49,0.0
2022-11-07,76.06,0.615228
2022-11-08,72.76,0.935757
2022-11-09,73.05,0.897814
2022-11-10,75.84,0.684077
2022-11-13,75.23,0.0
2022-11-14,76.65,-0.6954
2022-11-15,73.41,-0.9721
2022-11-16,72.4,0.493937
2022-11-17,72.47,0.922665
2022-11-20,74.28,0.0
2022-11-21,73.87,0.795763
2022-11-22,75.87,-0.75494
2022-11-23,78.69,0.87759
2022-11-24,78.97,0.924081
2022-11-27,78.59,0.0
2022-11-28,81.39,0.844008
2022-11-29,84.9,-0.9423
2022-11-30,84.88,-0.93722
2022-12-01,87.98,-0.95874
2022-12-04,87.17,0.0
2022-12-05,88.61,0.789919
2022-12-06,88.19,-0.63983
2022-12-07,88.93,0.938889
2022-12-08,87.73,0.89592
2022-12-11,89.81,0.0
2022-12-12,88.99,0.866576
2022-12-13,86.19,0.9136
2022-12-14,85.2,-0.68522
2022-12-15,83.68,0.758144
2022-12-18,84.69,0.0
2022-12-19,86.87,-0.94404
2022-12-20,85.6,0.873052
2022-12-21,86.85,0.675039
2022-12-22,86.85,-0.97
2022-12-26,86.08,0.726195
2022-12-27,84.13,-0.93517
2022-12-28,82.36,0.528426
2022-12-29,79.4,-0.88827
2023-01-01,83.67,0.0
2023-01-02,80.42,0.922625
2023-01-03,75.4,0.949822
2023-01-04,76.24,0.709146
2023-01-05,75.55,-0.97461
2023-01-08,79.1,0.0
2023-01-09,78.38,-0.93766
2023-01-10,76.64,0.8093
2023-01-11,77.76,-0.75163
2023-01-12,77.2,0.758514
2023-01-15,75.07,0.0
2023-01-16,77.21,-0.7689
2023-01-17,81.42,0.720734
2023-01-18,81.86,0.892409
2023-01-19,82.6,0.725498
2023-01-22,81.8,0.0
2023-01-23,79.62,0.949774
2023-01-24,82.28,0.755391
2023-01-25,86.81,-0.85458
2023-01-26,86.94,-0.96574
2023-01-29,87.21,0.0
2023-01-30,90.13,0.830445
2023-01-31,92.65,0.660095
2023-02-01,90.65,0.950796
2023-02-02,90.9,0.952225
2023-02-05,87.96,0.0
2023-02-06,87.9,0.553117
2023-02-07,87.59,-0.94049
2023-02-08,88.49,0.925378
2023-02-09,90.44,0.910607
2023-02-12,89.35,0.0
2023-02-13,88.62,0.52381
2023-02-14,91.51,-0.97534
2023-02-15,95.13,-0.61997
2023-02-16,93.33,-0.86996
2023-02-19,95.11,0.0
2023-02-20,97.12,0.562002
2023-02-21,93.45,0.753067
2023-02-22,93.84,0.875453
2023-02-23,94.79,0.766406
2023-02-26,96.9,0.0
2023-02-27,95.88,0.843268
2023-02-28,93.8,0.944942
2023-03-01,90.1,-0.81689
2023-03-02,89.27,0.602794
2023-03-05,89.96,0.0
2023-03-06,92.87,0.904834
2023-03-07,94.76,0.925527
2023-03-08,95.4,-0.97036
2023-03-09,96.83,0.830305
2023-03-12,92.99,0.0
2023-03-13,89.73,-0.96481
2023-03-14,86.65,0.946314
2023-03-15,85.27,-0.97135
2023-03-16,85.57,-0.46917
2023-03-19,85.18,0.0
2023-03-20,87.38,0.802657
2023-03-21,86.63,0.916439
2023-03-22,90.18,0.940077
2023-03-23,85.4,0.618319
2023-03-26,88.13,0.0
2023-03-27,89.4,0.901311
2023-03-28,90.02,-0.49791
2023-03-29,90.8,-0.62636
2023-03-30,91.75,0.696527
2023-04-02,96.0,0.0
2023-04-03,94.98,0.92983
2023-04-04,97.01,-0.85198
2023-04-05,96.75,0.787177
2023-04-10,97.47,0.776839
2023-04-11,96.27,0.942973
2023-04-12,94.39,0.747661
2023-04-13,94.11,0.952105
2023-04-16,92.91,0.0
2023-04-17,95.15,0.95342
2023-04-18,94.39,0.580707
2023-04-19,91.74,-0.97359
2023-04-20,89.86,-0.9653
2023-04-23,88.56,0.0
2023-04-24,86.81,0.593217
2023-04-25,86.24,-0.95477
2023-04-26,86.68,-0.97005
2023-04-27,87.65,0.903472
2023-04-30,85.63,0.0
2023-05-01,88.52,0.935779
2023-05-02,85.15,0.717665
2023-05-03,84.5,-0.96927
2023-05-04,84.96,-0.75877
2023-05-07,85.59,0.0
2023-05-08,87.51,-0.86847
2023-05-09,89.06,-0.97044
2023-05-10,88.57,0.888896
2023-05-11,88.93,-0.89262
2023-05-14,87.14,0.0
2023-05-15,88.93,0.822875
2023-05-16,88.04,0.0
2023-05-17,89.65,0.543845
2023-05-18,89.43,0.566625
2023-05-21,87.25,0.0
2023-05-22,85.8,0.802625
2023-05-23,84.79,0.587582
2023-05-24,82.63,0.886423
2023-05-25,83.13,0.819167
2023-05-28,83.0,0.0
2023-05-29,80.38,0.888821
2023-05-30,80.77,-0.94642
2023-05-31,78.95,-0.97361
2023-06-01,78.52,0.911769
2023-06-04,82.86,0.0
2023-06-05,81.64,0.928544
2023-06-06,83.86,-0.76295
2023-06-07,83.35,0.946614
2023-06-08,86.14,0.777056
2023-06-11,88.22,0.0
2023-06-12,90.72,0.647926
2023-06-13,93.62,0.888807
2023-06-14,92.93,0.513304
2023-06-15,91.92,0.921812
2023-06-18,93.23,0.0
2023-06-19,94.51,-0.9707
2023-06-20,90.85,0.853032
2023-06-21,90.95,0.943928
2023-06-22,87.55,0.763835
2023-06-25,86.49,0.0
2023-06-26,89.09,0.854556
2023-06-27,88.21,0.94688
2023-06-28,88.13,-0.42899
2023-06-29,89.57,0.846222
2023-07-02,87.58,0.0
2023-07-03,87.69,0.756017
2023-07-04,85.81,-0.75666
2023-07-05,86.29,0.940476
2023-07-06,86.15,0.717703
2023-07-09,86.26,0.0
2023-07-10,87.05,0.860952
2023-07-11,85.83,0.922471
2023-07-12,85.88,-0.89333
2023-07-13,86.35,0.845392
2023-07-16,86.78,0.0
2023-07-17,88.18,0.0
2023-07-18,88.98,-0.9182
2023-07-19,90.84,0.532175
2023-07-20,91.82,-0.92617
2023-07-23,91.29,0.0
2023-07-24,92.34,0.933051
2023-07-25,90.77,0.9197
2023-07-26,90.92,0.696759
2023-07-27,88.7,0.945773
2023-07-30,86.81,0.0
2023-07-31,84.62,0.932146
2023-08-01,83.2,-0.97294
2023-08-02,84.41,-0.77947
2023-08-03,83.41,-0.80336
2023-08-06,82.64,0.0
2023-08-07,83.97,0.876375
2023-08-08,83.9,0.940247
2023-08-09,84.55,0.702471
2023-08-10,86.8,-0.92054
2023-08-13,87.95,0.0
2023-08-14,86.87,0.936523
2023-08-15,88.58,-0.97294
2023-08-16,88.85,-0.9736
2023-08-17,88.05,0.881578
2023-08-20,87.85,0.0
2023-08-21,90.01,-0.94575
2023-08-22,88.0,0.946372
2023-08-23,85.21,-0.78468
2023-08-24,85.25,-0.64787
2023-08-27,85.6,0.0
2023-08-28,85.0,-0.91145
2023-08-29,86.0,0.85472
2023-08-30,86.03,-0.68595
2023-08-31,85.64,-0.96025
2023-09-03,84.08,0.0
2023-09-04,83.91,-0.96857
2023-09-05,83.7,-0.89256
2023-09-06,83.29,0.775035
2023-09-07,81.62,-0.95558
2023-09-10,81.73,0.0
2023-09-11,81.12,-0.94897
2023-09-12,83.76,0.602679
2023-09-13,82.93,0.952325
2023-09-14,82.1,-0.79551
2023-09-17,80.88,0.0
2023-09-18,81.3,0.585275
2023-09-19,82.76,-0.95104
2023-09-20,84.43,0.578819
2023-09-21,85.3,0.573786
2023-09-24,84.89,0.0
2023-09-25,82.51,0.60894
2023-09-26,81.86,0.749915
2023-09-27,83.11,0.592195
2023-09-28,81.45,0.753726
2023-10-01,80.7,0.0
2023-10-02,79.8,0.927434
2023-10-03,81.82,0.650011
2023-10-04,80.86,0.796642
2023-10-05,80.62,0.812361
2023-10-08,81.63,0.0
2023-10-09,84.74,0.880919
2023-10-10,83.78,-0.85858
2023-10-11,85.45,0.880203
2023-10-12,85.66,-0.70988
2023-10-15,83.41,0.0
2023-10-16,82.65,0.834223
2023-10-17,81.79,0.509122
2023-10-18,82.0,0.907273
2023-10-19,81.67,-0.67109
2023-10-22,80.3,0.0
2023-10-23,80.66,-0.91386
2023-10-24,79.93,-0.74352
2023-10-25,79.58,-0.92451
2023-10-26,79.36,0.95257
2023-10-29,78.78,0.0
2023-10-30,79.41,0.727559
2023-10-31,78.66,-0.96254
2023-11-01,79.06,-0.69998
2023-11-02,77.2,0.666155
2023-11-05,75.88,0.0
2023-11-06,75.36,-0.86521
2023-11-07,75.4,-0.97102
2023-11-08,77.3,0.953333
2023-11-09,78.5,0.950506
2023-11-12,77.04,0.0
2023-11-13,78.57,0.477476
2023-11-14,79.8,0.724333
2023-11-15,77.2,-0.90722
2023-11-16,76.23,0.944927
2023-11-19,76.66,0.0
2023-11-20,75.21,0.934059
2023-11-21,75.1,0.732281
2023-11-22,76.57,0.586378
2023-11-23,76.46,0.727426
2023-11-26,73.07,0.0
2023-11-27,72.5,-0.8332
2023-11-28,70.78,-0.59284
2023-11-29,70.56,-0.76782
2023-11-30,72.45,0.941448
2023-12-03,70.43,0.0
2023-12-04,68.91,-0.65786
2023-12-05,68.96,0.84271
2023-12-06,69.97,0.869349
2023-12-07,68.62,0.622203
2023-12-10,67.34,0.0
2023-12-11,68.24,-0.96026
2023-12-12,68.88,-0.97339
2023-12-13,66.73,-0.94995
2023-12-14,67.57,0.737892
2023-12-17,69.61,0.0
2023-12-18,69.76,-0.73007
2023-12-19,73.2,0.936952
2023-12-20,75.88,-0.9305
2023-12-21,76.94,0.950178
2023-12-26,77.74,0.0
2023-12-27,77.94,0.710063
2023-12-28,77.98,-0.83675
2024-01-01,74.09,0.0
2024-01-02,75.42,0.671102
2024-01-03,73.78,0.925945
2024-01-04,73.97,-0.95923
2024-01-07,69.96,0.0
2024-01-08,69.9,0.724536
2024-01-09,67.72,0.944119
2024-01-10,65.96,0.918223
2024-01-11,63.8,0.944016
2024-01-14,66.9,0.0
2024-01-15,65.49,-0.9762
2024-01-16,63.31,-0.88619
2024-01-17,63.28,0.600893
2024-01-18,63.42,0.774248
2024-01-21,62.41,0.0
2024-01-22,63.27,-0.93013
2024-01-23,65.8,-0.97457
2024-01-24,63.41,0.761977
2024-01-25,63.1,-0.7805
2024-01-28,61.77,0.0
2024-01-29,64.02,0.880482
2024-01-30,64.4,0.802732
2024-01-31,62.32,0.841186
2024-02-01,63.5,0.776135
2024-02-04,62.59,0.0
2024-02-05,63.49,0.933537
2024-02-06,62.32,-0.8272
2024-02-07,60.71,0.949776
2024-02-08,58.8,-0.92812
2024-02-11,57.2,0.0
2024-02-12,56.65,-0.64727
2024-02-13,56.44,0.936825
2024-02-14,57.95,0.950146
2024-02-15,57.11,0.874162
2024-02-18,53.14,0.0
2024-02-19,54.21,-0.97084
2024-02-20,54.51,-0.84017
2024-02-21,52.59,-0.95491
2024-02-22,52.51,-0.97582
2024-02-25,53.83,0.0
2024-02-26,55.96,0.948001
2024-02-27,57.21,-0.83751
2024-02-28,56.44,0.934179
2024-02-29,56.31,-0.50431
2024-03-03,57.28,0.912022
2024-03-04,60.0,-0.59351
2024-03-05,58.79,-0.71302
2024-03-06,59.44,0.481594
2024-03-07,58.5,-0.54853
2024-03-10,56.13,0.0
2024-03-11,57.0,0.887826
2024-03-12,55.87,0.913517
2024-03-13,58.8,-0.85655
2024-03-14,59.38,0.785481
2024-03-17,61.42,0.0
2024-03-18,61.31,-0.964
2024-03-19,60.01,0.786279
2024-03-20,59.37,-0.94806
2024-03-21,61.5,-0.86218
2024-03-24,64.84,0.0
2024-03-25,63.0,-0.55358
2024-03-26,62.61,-0.93935
2024-03-27,61.93,0.849943
2024-04-01,58.9,-0.89617
2024-04-02,57.55,0.863736
2024-04-03,58.39,-0.9027
2024-04-04,61.01,-0.9481
2024-04-07,63.39,0.0
2024-04-08,63.96,0.654694
2024-04-09,62.85,-0.91625
2024-04-10,68.83,-0.56883
2024-04-11,71.64,0.535533
2024-04-14,70.16,0.0
2024-04-15,74.25,-0.93329
2024-04-16,70.33,-0.88512
2024-04-17,71.55,0.850648
2024-04-18,68.52,0.683368
2024-04-21,66.4,0.0
2024-04-22,66.38,-0.96269
2024-04-23,66.85,-0.9651
2024-04-24,68.41,0.704318
2024-04-25,67.51,0.954488
2024-04-28,65.8,0.0
2024-04-29,69.2,0.820514
2024-04-30,67.91,0.947546
2024-05-01,72.69,-0.97555
2024-05-02,71.84,0.696836
2024-05-05,73.67,0.0
2024-05-06,70.85,0.763546
2024-05-07,71.92,0.945016
2024-05-08,73.62,-0.97242
2024-05-09,71.59,-0.87845
2024-05-12,70.07,0.0
2024-05-13,70.1,0.893185
2024-05-14,69.19,-0.95588
2024-05-15,70.79,0.720486
2024-05-16,70.52,-0.8943
2024-05-19,74.24,0.0
2024-05-20,76.2,0.926803
2024-05-21,76.67,0.438413
2024-05-22,76.1,0.756093
2024-05-23,75.78,-0.66137
2024-05-26,76.51,0.0
2024-05-27,74.6,0.93882
2024-05-28,73.95,0.94621
2024-05-29,75.2,-0.93198
2024-05-30,74.07,0.903889
2024-06-02,74.63,0.0
2024-06-03,72.58,0.782876
2024-06-04,72.0,0.674491
2024-06-05,71.53,0.953552
2024-06-06,71.42,0.936654
2024-06-09,70.91,0.0
2024-06-10,70.41,0.936314
2024-06-11,70.3,-0.59204
2024-06-12,70.87,0.746446
2024-06-13,68.53,0.700674
2024-06-16,68.16,0.0
2024-06-17,68.38,0.781765
2024-06-18,70.74,0.932291
2024-06-19,69.19,0.744974
2024-06-20,68.05,0.837265
2024-06-23,67.56,0.0
2024-06-24,67.8,0.876097
2024-06-25,67.23,-0.94685
2024-06-26,66.49,-0.71675
2024-06-27,67.36,0.9378
2024-06-30,68.33,0.0
2024-07-01,70.93,-0.96823
2024-07-02,70.91,0.949981
2024-07-03,70.18,0.947924
2024-07-04,70.35,-0.85257
2024-07-07,69.04,0.0
2024-07-08,68.52,-0.93932
2024-07-09,67.96,0.857709
2024-07-10,68.52,0.928666
2024-07-11,69.35,0.914334
2024-07-14,67.58,0.0
2024-07-15,67.94,0.754136
2024-07-16,66.42,-0.91238
2024-07-17,66.11,-0.92896
2024-07-18,66.0,-0.95673
2024-07-21,64.79,0.0
2024-07-22,65.79,0.773251
2024-07-23,68.9,-0.76732
2024-07-24,67.08,0.801101
2024-07-25,67.71,-0.93555
2024-07-28,68.78,0.0
2024-07-29,68.58,0.691693
2024-07-30,69.24,0.950506
2024-07-31,71.17,0.794372
2024-08-01,70.44,0.652175
2024-08-04,68.86,0.0
2024-08-05,69.92,0.90228
2024-08-06,70.57,-0.85407
2024-08-07,71.06,0.936517
2024-08-08,70.14,0.542635
2024-08-11,72.65,0.0
2024-08-12,71.29,0.93265
2024-08-13,71.87,0.0
2024-08-14,72.11,-0.91181
2024-08-15,72.52,0.923223
2024-08-18,73.14,0.0
2024-08-19,73.07,-0.83563
2024-08-20,72.14,0.583426
2024-08-21,71.57,0.722147
2024-08-22,71.13,-0.92696
2024-08-25,70.49,0.0
2024-08-26,71.49,0.925066
2024-08-27,70.77,-0.97378
2024-08-28,71.06,0.937546
2024-08-29,70.3,0.535787
2024-09-01,70.43,0.0
2024-09-02,68.16,0.926059
2024-09-03,67.0,0.425822
2024-09-04,66.2,-0.81172
2024-09-05,66.5,-0.95188
2024-09-08,66.52,0.0
2024-09-09,64.92,0.914337
2024-09-10,66.4,-0.8732
2024-09-11,65.45,0.792926
2024-09-12,64.99,0.928539
2024-09-15,63.21,0.0
2024-09-16,64.34,0.865161
2024-09-17,63.7,0.864838
2024-09-18,62.82,-0.83401
2024-09-19,63.39,0.87598
2024-09-22,64.1,0.0
2024-09-23,63.87,-0.96213
2024-09-24,65.24,-0.97374
2024-09-25,66.52,-0.92827
2024-09-26,66.33,-0.70603
2024-09-29,65.56,0.0
2024-09-30,63.61,0.880081
2024-10-01,62.6,0.926947
2024-10-02,62.76,0.743106
2024-10-03,62.05,0.952161
2024-10-06,61.76,0.0
2024-10-07,60.29,0.931759
2024-10-08,62.01,0.859391
2024-10-09,65.0,-0.95775
2024-10-10,64.62,0.941646
2024-10-13,65.97,0.0
2024-10-14,65.09,-0.90623
2024-10-15,63.03,0.946213
2024-10-16,62.98,-0.97108
2024-10-17,62.28,-0.57519
2024-10-20,61.76,0.0
2024-10-21,62.25,0.695101
2024-10-22,64.89,0.912854
2024-10-23,66.63,-0.94449
2024-10-24,66.97,0.898185
2024-10-27,66.4,0.0
2024-10-28,67.28,-0.93773
2024-10-29,65.47,0.73249
2024-10-30,64.58,0.948458
2024-10-31,63.87,0.878864
2024-11-03,65.22,0.0
2024-11-04,64.3,-0.94638
2024-11-05,63.76,0.643566
2024-11-06,66.04,0.934076
2024-11-07,68.02,-0.896
2024-11-10,67.57,0.0
2024-11-11,67.53,-0.96564
2024-11-12,66.31,0.720884
2024-11-13,68.27,-0.79709
2024-11-14,68.01,0.944783
2024-11-17,69.51,0.0
2024-11-18,68.13,0.859627
2024-11-19,68.38,-0.95941
2024-11-20,69.99,-0.60466
2024-11-21,69.27,-0.9448
2024-11-24,69.86,0.0
2024-11-25,69.23,0.94934
2024-11-26,68.47,-0.93504
2024-11-27,67.63,0.861224
2024-11-28,68.4,0.0
2024-12-01,68.83,0.0
2024-12-02,68.49,-0.91385
2024-12-03,67.86,0.629108
2024-12-04,67.34,0.865459
2024-12-05,68.31,0.905212
2024-12-08,66.37,0.0
2024-12-09,68.89,-0.96396
2024-12-10,69.36,0.627075
2024-12-11,66.81,0.717764
2024-12-12,65.11,0.742201
2024-12-15,63.97,0.0
2024-12-16,62.96,-0.50168
2024-12-17,63.6,-0.97434
2024-12-18,66.36,-0.92784
2024-12-19,66.85,0.639137
2024-12-22,68.29,0.0
2024-12-23,68.08,0.526681
2024-12-26,70.15,0.92186
2024-12-29,70.58,0.0
2024-12-30,71.57,0.70503
2025-01-01,73.74,0.0
2025-01-02,74.45,-0.97044
2025-01-05,72.87,0.0
2025-01-06,72.56,-0.96073
2025-01-07,70.7,-0.60799
2025-01-08,71.98,0.947675
2025-01-09,73.34,0.879423
2025-01-12,75.34,0.0
2025-01-13,75.36,0.794161
2025-01-14,76.34,0.891994
2025-01-15,76.69,0.599208
2025-01-16,77.6,-0.88541
2025-01-19,78.32,0.0
2025-01-20,78.6,-0.82424
2025-01-21,77.29,0.943956
2025-01-22,79.06,0.944275
2025-01-23,79.95,0.58832
2025-01-26,77.65,0.0
2025-01-27,78.55,0.93787
2025-01-28,81.18,0.946626
2025-01-29,80.91,0.92783
2025-01-30,82.19,0.952715
2025-02-02,79.3,0.0
2025-02-03,79.23,0.718211
2025-02-04,79.49,0.491584
2025-02-05,80.3,0.513254
2025-02-06,80.65,0.933208
2025-02-09,81.29,0.0
2025-02-10,80.92,0.79456
2025-02-11,78.64,0.498944
2025-02-12,76.44,-0.97312
2025-02-13,78.12,0.923858
2025-02-16,75.61,0.0
2025-02-17,74.16,0.76384
2025-02-18,72.47,-0.95538
2025-02-19,71.13,0.901681
2025-02-20,72.37,0.821162
2025-02-23,72.14,0.0
2025-02-24,70.26,0.92013
2025-02-25,69.56,0.947863
2025-02-26,71.32,0.813733
2025-02-27,69.56,-0.95137
2025-03-02,70.12,0.0
2025-03-03,67.13,0.899363
2025-03-04,67.4,-0.96154
2025-03-05,65.93,0.829377
2025-03-06,67.21,-0.96101
2025-03-09,67.57,0.0
2025-03-10,66.85,-0.95681
2025-03-11,68.21,0.853035
2025-03-12,69.17,0.741126
2025-03-13,69.56,0.0
2025-03-16,68.69,0.0
2025-03-17,69.88,0.884958
2025-03-18,71.96,-0.88742
2025-03-19,71.54,-0.8717
2025-03-20,70.01,-0.95464
2025-03-23,70.58,0.0
2025-03-24,69.53,0.758316
2025-03-25,69.91,-0.907
2025-03-26,67.66,0.601025
2025-03-27,67.91,0.948383
2025-03-30,67.13,0.0
2025-03-31,68.98,-0.95696
2025-04-01,67.69,0.742659
2025-04-02,65.25,0.770304
2025-04-03,63.08,0.929071
